industry_desc,ind_code,year,emp_code,est_number,total_employment,paid_employees,total_income,total_exp,compensation,other_exp,value_of_output,intermediate_exp,value_added,tf_assets,change_inv,subsidy,commerce_transaction
"Manufacture of tanks, reservoirs and containers of metal",15245,2016,B,28,259,256,243369.00,232478.00,21155.00,211323.00,247728.00,188927.00,35343.00,0.00,14808.00,0.00,0.00
"Manufacture of fishing nets and other nettings, (excluding mosquito and hairnets)",1591,2016,A,3,738,738,1557902.00,1475402.00,145458.00,1329945.00,1395028.00,1129686.00,251653.00,22423.00,-135029.00,0.00,0.00
"Copper and copper base alloy (brass, bronze) casting",15239,2016,A,4,532,532,2927102.00,2661104.00,175290.00,2485814.00,2926126.00,2137817.00,492391.00,0.00,-86743.00,0.00,0.00
"Manufacture of switches, fuses, sockets, plugs, conductors and lightning arresters and other control apparatus",15286,2016,B,5,69,69,109325.00,84488.00,14892.00,69596.00,113276.00,57317.00,41489.00,231.00,4293.00,0.00,0.00
Manufacture of parts and accessories of motorcycles,15363,2016,A,4,422,420,1023967.00,1008737.00,109162.00,899576.00,1001984.00,822463.00,158736.00,23705.00,-18357.00,0.00,0.00
Manufacture of machinery for metallurgy,15337,2016,B,4,46,46,206703.00,156949.00,5820.00,151129.00,206865.00,137708.00,64079.00,0.00,1266.00,0.00,0.00
"Manufacture of sporting and athletic goods, n.e.c.",15383,2016,B,7,54,47,47277.00,34719.00,9406.00,25314.00,45694.00,11685.00,26261.00,0.00,-4876.00,0.00,0.00
Manufacture of furniture and fixtures of metal,15372,2016,B,48,544,543,1125148.00,1035380.00,141694.00,893686.00,1137473.00,816108.00,274220.00,11638.00,5646.00,0.00,0.00
"Pipes and tubes manufacturing, iron or steel",15227,2016,B,3,39,39,43947.00,37830.00,4580.00,33251.00,44089.00,29495.00,14075.00,0.00,773.00,0.00,0.00
Manufacture of machinery for metallurgy,15337,2016,A,36,4614,4609,9061745.00,8136044.00,1141803.00,6994240.00,8267021.00,4612768.00,2863853.00,42203.00,-537452.00,2127.00,0.00
Manufacture of vitreous china tableware and other kitchen articles of a kind commonly used for domestic or toilet purposes,15210,2016,A,14,8964,8961,45456794.00,38658090.00,2942818.00,35715273.00,44941139.00,32248377.00,11419195.00,1570277.00,24550.00,330.00,0.00
"Non-ferrous smelting and refining , except precious metals",15232,2016,A,5,1191,1191,97651741.00,94953381.00,661503.00,94291878.00,108222400.00,99157209.00,7285229.00,1249690.00,12119007.00,0.00,0.00
Manufacture of prepared animal feeds,1564,2016,A,116,9057,9031,85040474.00,75249491.00,2540825.00,72708666.00,83506871.00,66027507.00,13074503.00,2067930.00,2140015.00,0.00,0.00
"Manufacture of paint removers, thinners, and brush cleaners",15172,2016,A,3,261,260,1722582.00,1650751.00,68272.00,1582478.00,1737415.00,1512827.00,166453.00,12504.00,54840.00,0.00,0.00
Manufacture of motorcycle engines and parts thereof,15360,2016,B,3,34,33,383856.00,374842.00,5519.00,369323.00,383856.00,340671.00,36638.00,14440.00,64267.00,0.00,0.00
Manufacture of internal combustion engines (gas and diesel),15306,2016,A,3,470,470,668974.00,653546.00,139215.00,514332.00,664655.00,335552.00,262536.00,0.00,-24339.00,0.00,0.00
Manufacture of electricity distribution equipment,15285,2016,B,4,49,49,38960.00,39274.00,4919.00,34355.00,38799.00,30653.00,5625.00,0.00,181.00,0.00,0.00
Manufacture of organic acids and organic compounds,15164,2016,A,3,128,128,1217336.00,1017132.00,56917.00,960215.00,1146125.00,853500.00,286021.00,12348.00,-27884.00,0.00,0.00
Manufacture of glues and adhesives,15183,2016,A,14,1185,1185,9655185.00,8040948.00,703045.00,7337903.00,9624630.00,5667140.00,2719727.00,247533.00,188695.00,0.00,0.00
Manufacture of machinery for food processing,15340,2016,A,12,893,888,824476.00,692321.00,185043.00,507278.00,770281.00,400854.00,340139.00,21869.00,75129.00,1850.00,0.00
Production processing and preserving of meat and meat products,152,2016,A,82,17744,17717,82946228.00,76357580.00,4396022.00,71961558.00,83012391.00,61066283.00,13011167.00,1508166.00,-1150797.00,0.00,0.00
"Manufacture of slippers and sandals, other than rubber",15118,2016,A,10,670,657,354974.00,292155.00,71225.00,220930.00,364696.00,215859.00,138417.00,4285.00,25602.00,0.00,0.00
Operation of blast furnaces and steel making furnaces,15225,2016,A,49,4708,4708,46213369.00,40486689.00,1388388.00,39098301.00,45412820.00,36548254.00,7578134.00,442582.00,1212450.00,0.00,0.00
Casting/foundry of steel,15237,2016,B,6,68,68,43118.00,31718.00,7230.00,24488.00,43368.00,19682.00,21510.00,0.00,764.00,0.00,0.00
Pulp milling,15140,2016,A,6,666,666,3979145.00,3981406.00,186170.00,3795236.00,3972199.00,3288046.00,431222.00,122874.00,73008.00,0.00,0.00
Manufacture of leather shoes,15112,2016,B,43,720,620,195573.00,187772.00,41894.00,145877.00,208277.00,144278.00,52816.00,0.00,38914.00,0.00,0.00
"Manufacture of perfumes, cosmetics and other toilet preparations",15179,2016,A,49,5346,5344,17155761.00,15754888.00,1843051.00,13911836.00,17362290.00,10005408.00,4518124.00,203449.00,655849.00,0.00,0.00
Manufacture of coarse clay products,15212,2016,B,27,265,262,81965.00,28983.00,13678.00,15304.00,81658.00,9262.00,71028.00,0.00,966.00,0.00,0.00
Manufacture of motor vehicles,15350,2016,A,30,6345,6333,259621422.00,233644616.00,5008762.00,228635854.00,258521177.00,215455477.00,35117586.00,2694091.00,11448567.00,0.00,0.00
Manufacture of textile industrial bags,1584,2016,A,12,9533,9533,7576823.00,6284892.00,1440537.00,4844355.00,7764494.00,4691105.00,2899990.00,5032.00,110196.00,0.00,0.00
"Forging, pressing, stamping and roll-forming of metal products",15249,2016,B,48,499,427,123527.00,111751.00,38650.00,73101.00,121740.00,46408.00,59806.00,397.00,6409.00,0.00,0.00
Processing of seaweeds; manufacture of agar-agar or carageenan,157,2016,A,17,1429,1424,8445490.00,7623696.00,484547.00,7139149.00,8496857.00,6252001.00,1657322.00,106153.00,44830.00,1443.00,0.00
"Manufacture of lifting and hoisting machinery, cranes, elevators , industrial trucks, tractors, stackers, specialized ports for lifting and handling equipment",15314,2016,A,9,495,495,686230.00,643333.00,84334.00,559000.00,656467.00,460333.00,156328.00,1445.00,15885.00,178.00,0.00
Manufacture of bottled water,1571,2016,A,26,1881,1877,2957111.00,2080092.00,430415.00,1649677.00,2930078.00,1122687.00,1515623.00,71562.00,44109.00,0.00,0.00
"Manufacture of chocolate and sugar confectionery products, n.e.c.",1551,2016,B,3,38,36,16410.00,14716.00,4650.00,10066.00,19053.00,11699.00,6999.00,1720.00,2798.00,0.00,0.00
Manufacture of plastic materials except man-made fiber and glass fiber,15168,2016,A,5,445,445,502156.00,492919.00,78271.00,414648.00,469340.00,313585.00,114381.00,3906.00,-9475.00,0.00,0.00
Manufacture of industrial (compressed and liquefied) gases,15159,2016,B,41,427,427,3451590.00,2801777.00,159888.00,2641888.00,3175050.00,1905811.00,1024527.00,10342.00,54305.00,0.00,0.00
Manufacture of flat glass (including float glass),15204,2016,B,3,17,17,55634.00,59445.00,6645.00,52800.00,53829.00,32122.00,9158.00,384.00,-997.00,0.00,0.00
"Manufacture of other rubber products, n.e.c.",15194,2016,A,17,983,983,2335046.00,1606333.00,264475.00,1341858.00,2392713.00,1175457.00,1070067.00,12410.00,85728.00,600.00,0.00
Manufacture of parts and accessories of motorcycles,15363,2016,B,3,22,22,31687.00,28949.00,3091.00,25858.00,28667.00,18367.00,6367.00,0.00,-1743.00,0.00,0.00
Manufacture of pesticides and other agro-chemical products,15169,2016,B,6,49,45,115624.00,107050.00,9333.00,97716.00,110061.00,91328.00,21017.00,0.00,-1788.00,0.00,0.00
Manufacture of communication equipment,15268,2016,A,12,3810,3809,6062779.00,5674246.00,809472.00,4864774.00,5657603.00,3804817.00,1564189.00,199556.00,-18736.00,0.00,0.00
"Manufacture of rattan furniture (reed, wicker, and cane)",15368,2016,B,36,332,288,35776.00,33626.00,9797.00,23829.00,35740.00,20731.00,13724.00,0.00,-1256.00,0.00,0.00
"Manufacture of sawali, nipa and split canes",15134,2016,B,6,55,48,8172.00,7135.00,1884.00,5251.00,8202.00,4296.00,3604.00,0.00,257.00,0.00,0.00
Rice/corn milling,1532,2016,A,87,3772,3605,17977615.00,16917734.00,433476.00,16484258.00,17102585.00,15070724.00,1916561.00,639214.00,-395477.00,0.00,0.00
Manufacture of plastic synthetic resins,15167,2016,A,12,756,756,7803148.00,7070587.00,373789.00,6696798.00,6745640.00,4704754.00,1360939.00,89682.00,-175200.00,0.00,0.00
Manufacture of other articles of paper,15147,2016,A,41,3508,3506,12325995.00,11464899.00,1019046.00,10445853.00,12395154.00,9696084.00,2370562.00,959844.00,502183.00,0.00,0.00
"Manufacture of ice, except dry ice",1557,2016,B,262,3311,3186,4367475.00,3629753.00,499767.00,3129986.00,3832910.00,2490665.00,1671819.00,232525.00,0.00,0.00,0.00
"Manufacture of fiber batting, padding and upholstery filling including coir",1597,2016,A,10,444,444,378933.00,358499.00,58050.00,300449.00,496027.00,346979.00,102137.00,40038.00,80921.00,0.00,0.00
Manufacture of farm tractors,15330,2016,A,5,217,216,1916872.00,1798145.00,72692.00,1725453.00,1925449.00,1628330.00,231140.00,42818.00,6927.00,0.00,0.00
Manufacture of photographic equipment and accessories,15280,2016,A,12,3762,3762,9083774.00,7837830.00,1167422.00,6670407.00,8836812.00,5629743.00,2893604.00,16208.00,159684.00,0.00,0.00
"Production of crude vegetable oil, cake and meals, other than virgin coconut oil (see class 1041)",1521,2016,A,8,626,626,7942653.00,6988734.00,108119.00,6880614.00,7645314.00,6523284.00,1047661.00,5772.00,-13053.00,0.00,0.00
Manufacture of glass fibers (including glass wool) and yarn of glass fibers,15206,2016,B,12,204,204,218727.00,212075.00,31473.00,180602.00,226941.00,177595.00,39711.00,4779.00,24789.00,0.00,0.00
Treatment and coating of metals; machining,15251,2016,B,34,335,319,154934.00,141950.00,36914.00,105036.00,102716.00,29958.00,62976.00,6638.00,-189.00,0.00,0.00
"Manufacture of pumps for liquids, vacuum pumps, air or other gas compressors",15310,2016,A,4,407,407,3253304.00,2991795.00,187806.00,2803989.00,3153617.00,2484066.00,488260.00,46154.00,27588.00,0.00,0.00
Coffee roasting and processing,1555,2016,A,7,2370,2370,1165802.00,1057015.00,194039.00,862976.00,1095403.00,697645.00,384211.00,10282.00,27250.00,0.00,0.00
Manufacture of lime,15216,2016,B,4,64,64,306709.00,295460.00,5030.00,290430.00,306709.00,273850.00,22096.00,0.00,-8960.00,0.00,0.00
Manufacture of starches and starch products,1539,2016,A,5,1243,1243,7221809.00,7071244.00,267160.00,6804084.00,7900786.00,6174206.00,869140.00,788251.00,1610502.00,0.00,0.00
Manufacture of glues and adhesives,15183,2016,B,8,95,95,1278248.00,920253.00,51755.00,868498.00,1265621.00,673201.00,496739.00,3281.00,-9203.00,0.00,0.00
"Manufacture of food products, n.e.c.",1563,2016,A,50,3782,3778,20611691.00,19032402.00,1888347.00,17144055.00,20489231.00,14686480.00,4044808.00,83753.00,508443.00,0.00,0.00
Manufacture of optical instruments and lenses,15279,2016,B,5,15,15,27796.00,24727.00,3103.00,21624.00,27796.00,17565.00,6806.00,0.00,-371.00,0.00,0.00
Manufacture of charcoal outside the forest,15131,2016,A,4,277,277,522760.00,460765.00,32326.00,428439.00,527675.00,350994.00,145702.00,15139.00,38901.00,0.00,54182.00
Paper and paperboard milling,15141,2016,A,25,3431,3431,19222616.00,17224542.00,1019952.00,16204590.00,19042166.00,14343107.00,3844804.00,316210.00,206058.00,0.00,0.00
Manufacture of blacksmithing tools and welding shop operation,15255,2016,B,277,1519,1250,1790902.00,1743912.00,183699.00,1560213.00,1787220.00,1485446.00,241407.00,0.00,-13585.00,0.00,0.00
Manufacture of plastic materials except man-made fiber and glass fiber,15168,2016,B,21,229,229,362201.00,334883.00,11283.00,323599.00,374133.00,325518.00,34341.00,0.00,15840.00,0.00,0.00
Manufacture of made-up textile goods for house furnishings,1585,2016,A,21,2755,2752,3959724.00,3709864.00,542287.00,3167577.00,3729608.00,2588097.00,940118.00,6135.00,-56555.00,0.00,0.00
"Manufacture of domestic cooking appliances (e.g. ovens, ranges, cookers, stoves, grillers, etc.)",15298,2016,A,4,264,264,2062771.00,1872236.00,202755.00,1669480.00,1979687.00,1340377.00,473554.00,10643.00,-12078.00,0.00,0.00
"Manufacture of miscellaneous textiles, n.e.c.",1598,2016,A,6,269,269,185251.00,183762.00,51507.00,132256.00,196805.00,122902.00,60852.00,4636.00,1273.00,0.00,0.00
"Manufacture of other furniture and fixtures, n.e.c.",15373,2016,B,20,226,226,168145.00,152935.00,36593.00,116342.00,163951.00,95498.00,56434.00,7603.00,-7924.00,0.00,0.00
Manufacture of organic acids and organic compounds,15164,2016,B,4,31,31,90870.00,71573.00,6580.00,64994.00,68838.00,24850.00,38071.00,0.00,410.00,0.00,0.00
Cassava flour milling,1533,2016,B,3,24,20,8485.00,7626.00,993.00,6633.00,8323.00,6062.00,2042.00,80.00,-316.00,0.00,0.00
Manufacture of bodies (coachwork) for motor vehicles,15351,2016,B,27,195,191,282580.00,131615.00,55036.00,76580.00,280369.00,42258.00,226829.00,0.00,-4143.00,0.00,0.00
"Manufacture of paint products, n.e.c.",15175,2016,A,4,319,319,1173161.00,1084294.00,96287.00,988007.00,1089187.00,856665.00,210499.00,5495.00,-15690.00,0.00,0.00
Manufacture of wood carvings,15130,2016,A,21,1848,1836,924441.00,840111.00,197282.00,642829.00,936235.00,530528.00,323758.00,14650.00,12169.00,58.00,0.00
"Manufacture of calculating machines, adding machines, cash registers, calculators",15317,2016,A,4,9931,9931,21893153.00,21362506.00,1421443.00,19941062.00,21384730.00,17421768.00,3192159.00,67228.00,-235133.00,2724.00,0.00
Manufacture of paints,15170,2016,B,27,249,249,966404.00,752172.00,31004.00,721168.00,960246.00,679572.00,255925.00,240.00,-340.00,0.00,0.00
Manufacture of sporting balls,15382,2016,A,7,1235,1235,2365982.00,2155764.00,350074.00,1805690.00,2328645.00,1569644.00,654548.00,20171.00,-52583.00,0.00,0.00
"Manufacture of knitted or crocheted hosiery, underwear and outerwear when knitted or crocheted directly into shape",16106,2016,B,4,45,43,16605.00,16210.00,4916.00,11292.00,17044.00,8078.00,7289.00,0.00,1400.00,0.00,0.00
"Manufacture of plastic articles for packing goods (e.g. boxes, bags, sacks, etc.)",16190,2016,A,251,21340,21299,55386370.00,52048531.00,4609783.00,47438748.00,54308118.00,41568550.00,10289000.00,1176412.00,267811.00,0.00,0.00
Manufacture of motorcycle engines and parts thereof,15360,2016,A,7,1396,1373,3295380.00,3182274.00,508789.00,2673484.00,3234140.00,2045316.00,807517.00,30780.00,-4371.00,0.00,0.00
"Manufacture of wire nails, not in steel rolling",15258,2016,A,8,441,441,874767.00,822000.00,54790.00,767210.00,947484.00,802988.00,120221.00,3595.00,-78371.00,0.00,0.00
"Pipes and tubes manufacturing, iron or steel",15227,2016,A,26,3026,3024,9878137.00,8624203.00,752026.00,7872176.00,9838255.00,6780970.00,2629586.00,248721.00,-427046.00,0.00,0.00
Manufacture of nata de coco,1520,2016,B,5,52,45,116093.00,114840.00,3820.00,111020.00,116093.00,106743.00,5115.00,0.00,27.00,0.00,0.00
Manufacture of mechanical implements for crop production,15331,2016,B,4,12,12,5024.00,4213.00,1075.00,3138.00,2552.00,2093.00,2444.00,0.00,10.00,0.00,0.00
Men's and boys' garment manufacturing,1599,2016,A,157,20118,20099,14688498.00,13415850.00,4272006.00,9143844.00,14510387.00,7975715.00,5963955.00,84642.00,-144565.00,0.00,0.00
"Manufacture of miscellaneous fabricated metal products, n.e.c.",15264,2016,A,95,8171,8166,10633534.00,9656339.00,1735509.00,7920829.00,10453074.00,6757948.00,3025941.00,37286.00,151434.00,0.00,0.00
Manufacture of refined petroleum products,15156,2016,A,11,1971,1968,402115216.00,388456367.00,5709909.00,382746458.00,389472794.00,332167109.00,35257060.00,61824.00,-27028140.00,0.00,0.00
Repair of machinery,15407,2016,B,256,1938,1607,558732.00,441569.00,166068.00,275502.00,558732.00,191864.00,302489.00,12286.00,144.00,0.00,0.00
Manufacture of fabricated wire products,16254,2016,A,26,5346,5321,6382219.00,5688466.00,968094.00,4720371.00,6322242.00,3885149.00,2031226.00,341224.00,333031.00,0.00,0.00
Manufacture of candies (excluding chocolate candies) and chewing gum,1549,2016,A,30,2202,2190,6324807.00,5382195.00,520342.00,4861853.00,6167960.00,3695222.00,1739428.00,192515.00,-116932.00,0.00,0.00
"Manufacture of wadding of textile materials and articles of wadding (e.g. sanitary towels, tampons, etc.)",15146,2016,A,7,2307,2307,6807585.00,6470079.00,137084.00,6332995.00,6905181.00,5975132.00,652506.00,40332.00,385793.00,0.00,0.00
Building of ships and boats other than sports and pleasure boats,15355,2016,B,17,176,168,60111.00,54471.00,17106.00,37365.00,59497.00,29770.00,27015.00,0.00,-26.00,0.00,0.00
"Manufacture of articles of concrete, cement and plaster, n.e.c.",15218,2016,B,9,116,116,510076.00,469539.00,12869.00,456671.00,496976.00,421528.00,59210.00,7579.00,12944.00,0.00,0.00
"Manufacture of ice cream and sherbet, ice drop, ice candy and other flavored ices",1529,2016,A,12,1238,1228,10358468.00,8638007.00,615627.00,8022379.00,10476310.00,5270770.00,2819179.00,20386.00,226858.00,0.00,0.00
"Manufacture of snack products such as corn curls, wheat crunchies and similar products",1543,2016,A,50,10978,10964,31084642.00,25222392.00,2223255.00,22999137.00,30770503.00,19274675.00,9224606.00,634126.00,-4910.00,0.00,0.00
Manufacture of knitted and crocheted fabrics,1583,2016,B,20,187,187,85826.00,93001.00,27495.00,65506.00,79416.00,42672.00,27398.00,0.00,7243.00,0.00,0.00
Manufacture of rubber tires (including parts) and tubes,15190,2016,B,6,67,66,236787.00,227780.00,5289.00,222491.00,239312.00,198345.00,18574.00,0.00,12817.00,0.00,0.00
Manufacture of wooden coffin,15398,2016,A,9,321,321,276161.00,261142.00,58594.00,202547.00,275208.00,173470.00,89180.00,2882.00,3995.00,0.00,0.00
Manufacture of machine tools for working metal,15333,2016,B,8,117,117,283269.00,255776.00,39282.00,216494.00,281425.00,192070.00,73630.00,12312.00,-12245.00,0.00,0.00
"Manufacture of carpets and rugs, except mats of textile materials",1588,2016,B,13,169,169,26598.00,22775.00,5307.00,17468.00,26598.00,7843.00,9262.00,0.00,0.00,0.00,0.00
Manufacture of pipe fittings of iron or steel,15228,2016,A,6,359,359,1507115.00,1473298.00,80650.00,1392649.00,1541340.00,1329974.00,165146.00,1773.00,23313.00,0.00,0.00
Manufacture of corrugated paper and paperboard and of containers of paper and paperboard,15144,2016,A,88,8529,8339,36629469.00,33172590.00,3718645.00,29453945.00,36594676.00,26165841.00,8603759.00,676674.00,163970.00,0.00,0.00
Manufacture of soap and detergents,15176,2016,A,43,4430,4425,61865797.00,49617659.00,2969091.00,46648568.00,60644900.00,27433497.00,15769093.00,1543310.00,-266527.00,0.00,0.00
"Manufacture of weapons and ammunitions, n.e.c.",15248,2016,B,5,16,12,3662.00,3580.00,1676.00,1904.00,3662.00,718.00,1925.00,870.00,-28.00,0.00,0.00
"Manufacture of medical, surgical, dental furniture and fixtures",15388,2016,A,9,2711,2706,8330566.00,7432114.00,1328321.00,6103793.00,8107115.00,4092182.00,3149538.00,607132.00,5234.00,0.00,0.00
Manufacture of general hardware,15254,2016,B,4,63,63,37447.00,34587.00,12586.00,22001.00,48193.00,28321.00,16328.00,0.00,6769.00,0.00,0.00
Manufacture of side cars,15362,2016,A,3,72,66,61817.00,39044.00,7986.00,31058.00,62217.00,29802.00,31940.00,0.00,-6936.00,0.00,0.00
Manufacture of embroidered fabrics,1593,2016,A,8,286,283,128946.00,118710.00,36410.00,82300.00,128463.00,70688.00,53307.00,0.00,14.00,0.00,0.00
"Manufacture of radar equipment, radio remote control apparatus",15270,2016,A,10,840,840,1662327.00,1534495.00,125803.00,1408693.00,1628624.00,1287420.00,289896.00,76548.00,9554.00,0.00,0.00
"Service activities related to printing, n.e.c.",15152,2016,A,18,998,998,1406942.00,1342065.00,167919.00,1174146.00,1408531.00,1010278.00,302510.00,9356.00,-20315.00,0.00,0.00
Manufacture of metal coffin,15399,2016,B,6,60,39,7590.00,5746.00,1155.00,4591.00,7650.00,3478.00,3569.00,0.00,460.00,0.00,0.00
Manufacture of air and spacecraft and related machinery,15358,2016,B,3,40,40,500834.00,389667.00,4437.00,385230.00,483869.00,356803.00,103700.00,0.00,15568.00,0.00,0.00
Canning/packing and preserving of fruits and fruit juices,1511,2016,B,32,298,276,429281.00,392305.00,52755.00,339551.00,440072.00,310819.00,112830.00,0.00,11737.00,0.00,0.00
Manufacture of leather parts of footwear,15119,2016,A,6,806,802,572760.00,535696.00,131022.00,404673.00,587993.00,256888.00,197539.00,17235.00,35411.00,0.00,0.00
"Manufacture of products of leather and imitation leather, n.e.c.",16110,2016,B,5,46,42,13984.00,15400.00,6252.00,9148.00,13937.00,5651.00,7682.00,0.00,-167.00,0.00,0.00
"Manufacture of drugs and medicines including biological products such as bacterial and virus vaccines, sera and plasma",15188,2016,B,37,663,618,966753.00,906928.00,52406.00,854522.00,569481.00,363046.00,180651.00,0.00,-229515.00,0.00,0.00
Manufacture of worked lumber,15122,2016,B,3,26,26,17274.00,16737.00,2493.00,14243.00,13778.00,7071.00,6185.00,0.00,-2161.00,0.00,0.00
Roasting of nut or manufacture of nut foods and pastes,1515,2016,A,13,1255,1253,2642553.00,2441034.00,167514.00,2273520.00,2650682.00,2195391.00,402198.00,19.00,74773.00,0.00,0.00
"Manufacture of aluminum window and door screens, shades and venetian blinds",15263,2016,B,40,278,276,127710.00,110239.00,24230.00,86008.00,130037.00,79198.00,45457.00,0.00,6782.00,0.00,0.00
Egg processing including fertilized egg (balut) and salted eggs,1559,2016,B,6,30,26,12651.00,10188.00,1515.00,8673.00,12491.00,7384.00,4497.00,0.00,-124.00,0.00,0.00
"Distilling, rectifying and blending of spirits",1565,2016,A,9,1396,1396,53424322.00,42014115.00,1872512.00,40141602.00,54133970.00,25851340.00,24287780.00,4861954.00,2740217.00,0.00,0.00
Manufacture of soap and detergents,15176,2016,B,41,292,292,326515.00,322925.00,48137.00,274789.00,326310.00,247633.00,64620.00,23382.00,73.00,0.00,0.00
Roasting of nut or manufacture of nut foods and pastes,1515,2016,B,26,227,170,80496.00,57657.00,9531.00,48126.00,76196.00,36914.00,37816.00,0.00,17110.00,900.00,0.00
"Manufacture of surgical dressings, medicated wadding , fracture bandages, catgut, and other prepared sutures",15189,2016,A,3,480,480,513080.00,453194.00,73000.00,380193.00,510942.00,340820.00,141849.00,3328.00,12395.00,9644.00,0.00
"Manufacture of needles (except for knitting and sewing machines), pins and fasteners including zippers",15262,2016,A,3,628,628,1476904.00,1318121.00,320020.00,998101.00,1346279.00,728732.00,550284.00,-11868.00,-101566.00,0.00,0.00
Flour milling except cassava flour milling,1534,2016,A,10,1685,1684,38777342.00,33420222.00,1293467.00,32126755.00,38446976.00,27804616.00,8272179.00,808179.00,761756.00,0.00,0.00
Manufacture of textile industrial bags,1584,2016,B,10,160,150,330944.00,303296.00,20615.00,282681.00,329078.00,261240.00,60923.00,1350.00,619.00,0.00,0.00
Manufacture of rough lumber,15121,2016,B,68,1273,1146,902895.00,839011.00,101185.00,737825.00,848954.00,675533.00,163093.00,0.00,-13391.00,0.00,0.00
Manufacture of general hardware,15254,2016,A,8,3512,3512,4339503.00,4187217.00,659616.00,3527600.00,4250702.00,3128758.00,952305.00,5865.00,42954.00,0.00,0.00
Manufacture of electrical quantities measuring and controlling instruments,15271,2016,B,4,42,42,69165.00,67648.00,15146.00,52501.00,55114.00,27561.00,18369.00,1635.00,468.00,0.00,0.00
"Manufacture of dairy products, n.e.c.",1531,2016,B,6,59,55,93446.00,90069.00,7296.00,82773.00,92417.00,69435.00,16929.00,30.00,273947.00,0.00,0.00
"Manufacture of primary plastic products (e.g. sheets, film, plates, etc.)",15200,2016,A,13,860,860,3871016.00,3885550.00,252813.00,3632737.00,3814699.00,3153598.00,412822.00,49071.00,-129649.00,0.00,0.00
"Manufacture of articles of concrete, cement and plaster, n.e.c.",15218,2016,A,10,529,529,2862818.00,2318619.00,158187.00,2160431.00,2567059.00,1432655.00,829874.00,47570.00,53830.00,0.00,0.00
Manufacture of plastic household wares,16191,2016,A,40,3076,3067,8162483.00,7520896.00,671960.00,6848936.00,7371784.00,5629235.00,1493166.00,90140.00,248276.00,0.00,0.00
"Baking of biscuits cookies, crackers, pretzels and similar dry bakery products",1541,2016,B,30,504,486,271207.00,257715.00,36544.00,221172.00,261027.00,189600.00,59859.00,0.00,-16203.00,0.00,0.00
"Integrated pulp, paper and paperboard milling",16137,2016,A,10,793,793,2725874.00,2554221.00,301518.00,2252703.00,2792104.00,2058958.00,635251.00,321659.00,177069.00,0.00,0.00
"Manufacture of galvanized steel sheets, tinplates and other coated metal products made in steel works or rolling mills",15229,2016,B,25,293,293,366084.00,320865.00,25739.00,295126.00,228873.00,143715.00,80448.00,0.00,-50744.00,0.00,0.00
Manufacture of box beds and mattresses,15369,2016,B,11,180,172,118116.00,165571.00,14708.00,150863.00,102178.00,105192.00,-22478.00,0.00,52922.00,0.00,0.00
"Manufacture of soft drinks except drinks flavored with fruit juices, syrups or other materials",1569,2016,B,42,328,328,3101660.00,2882342.00,95052.00,2787290.00,3097745.00,1723072.00,527858.00,972013.00,68414.00,0.00,0.00
"Manufacture of ice, except dry ice",1557,2016,A,54,2462,2438,3243155.00,2780888.00,394724.00,2386164.00,3213072.00,2028077.00,1076297.00,50431.00,-11087.00,0.00,0.00
"Manufacture of identification plates, badges, emblems and tags",15402,2016,A,3,445,445,374875.00,324528.00,97440.00,227089.00,369513.00,160433.00,187488.00,34860.00,-2696.00,0.00,0.00
"Manufacture of pulp, paper and paperboard, n.e.c.",15143,2016,B,5,75,75,81953.00,48222.00,9283.00,38938.00,82169.00,31000.00,43611.00,0.00,970.00,0.00,0.00
Repairing of sports and pleasure boats,15411,2016,B,4,36,33,37681.00,30757.00,9456.00,21301.00,32770.00,12454.00,19092.00,0.00,-1322.00,0.00,0.00
Repairing of ships and boats other than sports and pleasure boats,15410,2016,A,22,3818,3818,3351220.00,2939934.00,541906.00,2398028.00,3348141.00,1881436.00,1159889.00,61200.00,159753.00,0.00,0.00
Manufacture of uninterruptible power supplies (ups),15303,2016,A,3,6979,6979,46499965.00,39855766.00,3241857.00,36613908.00,46480220.00,32950379.00,10440483.00,968626.00,946273.00,0.00,0.00
Manufacture of other electronic and electric wires and cables,15290,2016,B,9,141,138,2520396.00,2363163.00,40354.00,2322809.00,2551796.00,2283357.00,250214.00,0.00,-10196.00,0.00,0.00
"Manufacture of luggage, handbags and wallets of leather and imitation leather",15110,2016,A,42,10599,10568,8254926.00,6457587.00,1993842.00,4463745.00,8018521.00,3608097.00,3926660.00,44564.00,76550.00,0.00,0.00
"Manufacture of luggage, handbags and wallets of leather and imitation leather",15110,2016,B,39,398,344,53167.00,45113.00,18526.00,26587.00,52325.00,14137.00,27566.00,0.00,-624.00,0.00,0.00
Manufacture of inorganic salts and compounds,15160,2016,A,6,497,495,17323875.00,17028672.00,234092.00,16794580.00,17351621.00,3956731.00,1267118.00,593352.00,460303.00,0.00,111049.00
Tanning and dressing of leather,15109,2016,A,3,206,205,224482.00,217573.00,25635.00,191938.00,229652.00,167517.00,52048.00,2171.00,3987.00,0.00,0.00
Manufacture of fruit and vegetable sauces (e.g. tomato sauce and paste),1513,2016,A,20,1699,1690,13213559.00,12346802.00,1174916.00,11171886.00,13012396.00,8270383.00,2709178.00,188947.00,46833.00,0.00,0.00
Manufacture of rubber tires (including parts) and tubes,15190,2016,A,5,3717,3701,18388568.00,14541941.00,747001.00,13794940.00,17917031.00,10654147.00,6848040.00,1171969.00,-133379.00,0.00,126024.00
Manufacture of corrugated paper and paperboard and of containers of paper and paperboard,15144,2016,B,58,619,564,530476.00,512776.00,59530.00,453246.00,526892.00,385691.00,123290.00,0.00,13188.00,0.00,0.00
Manufacture of lighting equipment and parts except for use on cycle and motor equipment,15293,2016,A,7,1151,1151,1961706.00,1765688.00,225481.00,1540207.00,2005122.00,1394409.00,464732.00,58944.00,59809.00,0.00,0.00
Manufacture of cutlery,15252,2016,A,6,405,405,952368.00,933172.00,115727.00,817445.00,812363.00,561297.00,182368.00,6015.00,-126434.00,0.00,0.00
Manufacture of candies (excluding chocolate candies) and chewing gum,1549,2016,B,76,953,842,408638.00,352800.00,62398.00,290402.00,415097.00,252357.00,145097.00,0.00,-4219.00,0.00,0.00
Sugarcane milling,1544,2016,B,8,98,95,7547.00,5586.00,2974.00,2612.00,7547.00,2217.00,5309.00,165.00,0.00,0.00,0.00
Manufacture of ethyl alcohol,15161,2016,A,6,823,823,11198124.00,8081245.00,798157.00,7283088.00,11769050.00,5873349.00,4083647.00,475144.00,793468.00,0.00,0.00
"Manufacture of unprepared animal feeds from fish, crustaceans and mollusks and other aquatic animals",159,2016,A,7,312,312,4636889.00,4444052.00,107750.00,4336302.00,4671691.00,3889972.00,480436.00,257870.00,-151777.00,0.00,0.00
Manufacture of ice cream cones (apa) and wafers (barquillos),1542,2016,A,6,428,428,504773.00,491418.00,43266.00,448152.00,458680.00,366228.00,80017.00,17633.00,137.00,0.00,0.00
Manufacture of inflatable boats,16354,2016,A,3,78,78,44755.00,37569.00,4647.00,32922.00,44794.00,25448.00,14273.00,275.00,39.00,0.00,0.00
Manufacture of domestic electric fans,15296,2016,A,5,511,511,913797.00,833497.00,79805.00,753692.00,914859.00,710292.00,178103.00,48172.00,11438.00,0.00,0.00
Manufacture of fertilizers and nitrogen compounds,15166,2016,B,22,245,245,353467.00,298812.00,65155.00,233657.00,352678.00,119202.00,137895.00,8855.00,680.00,0.00,0.00
"Manufacture of miscellaneous textiles, n.e.c.",1598,2016,B,3,25,25,113987.00,108182.00,7296.00,100885.00,113987.00,98930.00,14194.00,0.00,1709.00,0.00,0.00
Manufacture of wood furniture,15367,2016,A,145,10471,10398,6068522.00,5661227.00,1535552.00,4125675.00,6196506.00,3561525.00,2167729.00,54554.00,211455.00,0.00,0.00
Operation of blast furnaces and steel making furnaces,15225,2016,B,52,504,504,680977.00,758142.00,103601.00,654541.00,727172.00,617299.00,58727.00,0.00,-3179.00,0.00,0.00
Manufacture of switch gear and switchboard apparatus,15284,2016,B,3,39,39,71605.00,68200.00,5459.00,62741.00,72857.00,57301.00,10733.00,0.00,3421.00,0.00,0.00
Manufacture of refined petroleum products,15156,2016,B,4,49,45,991355.00,935736.00,30742.00,904994.00,926482.00,738126.00,127103.00,0.00,-110823.00,0.00,0.00
Manufacture of rattan and cane containers,15133,2016,B,6,56,46,73739.00,59762.00,3250.00,56512.00,73739.00,53013.00,19489.00,0.00,2763.00,0.00,0.00
"Manufacture of narrow fabrics, laces, tulles and other net fabrics",1594,2016,B,11,113,107,180014.00,171735.00,14369.00,157366.00,176557.00,143550.00,27880.00,-623.00,1208.00,0.00,0.00
Rice/corn milling,1532,2016,B,1554,10051,7124,6051741.00,5159490.00,406409.00,4753081.00,6043837.00,4531906.00,1538596.00,136333.00,297189.00,0.00,0.00
Manufacture of pipe fittings of non-ferrous metals,15234,2016,A,5,246,246,259598.00,237338.00,27370.00,209968.00,247199.00,168086.00,60087.00,0.00,1365.00,0.00,0.00
"Integrated pulp, paper and paperboard milling",16137,2016,B,5,62,55,40179.00,38015.00,8312.00,29702.00,40755.00,27339.00,10876.00,0.00,-670.00,0.00,0.00
"Manufacture of paint removers, thinners, and brush cleaners",15172,2016,B,3,32,32,123771.00,110813.00,4341.00,106472.00,123771.00,100600.00,19358.00,0.00,-667.00,0.00,0.00
Manufacture of silverware and plated ware,15375,2016,B,8,65,58,13130.00,13971.00,2641.00,11329.00,12899.00,7309.00,3357.00,0.00,1241.00,0.00,0.00
Manufacture of machine tools and accessories including precision measuring tools,15334,2016,A,6,404,402,418109.00,365459.00,94537.00,270922.00,414097.00,225065.00,159911.00,356.00,-1507.00,247.00,0.00
Manufacture of muscovado sugar not carried on in the farm,1546,2016,A,4,321,321,179937.00,166203.00,19721.00,146483.00,184603.00,131851.00,41019.00,1134.00,4275.00,0.00,0.00
"Manufacture of mayonnaise, salad dressing, sandwich spread and similar products",1561,2016,A,5,502,502,12167156.00,9267583.00,537154.00,8730429.00,11990114.00,5231443.00,3484336.00,347458.00,50613.00,0.00,0.00
"Manufacture of agricultural and forestry machinery and equipment, n.e.c.",15332,2016,A,8,710,706,819906.00,787108.00,101002.00,686107.00,638367.00,425490.00,152762.00,20617.00,-2056.00,0.00,0.00
"Manufacture of other plastic, industrial /office/school supplies",15199,2016,B,29,507,488,1038407.00,1024623.00,161593.00,863030.00,1040516.00,742761.00,236986.00,0.00,36978.00,0.00,0.00
Manufacture of accumulators (storage batteries) including parts,15287,2016,A,5,3083,3083,16187772.00,13585185.00,1689238.00,11895948.00,15917702.00,9847047.00,5607796.00,50593.00,-284789.00,0.00,0.00
Manufacture of wooden containers,15129,2016,B,13,133,100,76740.00,68946.00,9038.00,59908.00,65696.00,42216.00,18987.00,0.00,-19074.00,0.00,0.00
Finishing of textiles,1581,2016,A,30,3375,3320,3496133.00,3281544.00,557686.00,2723858.00,3483473.00,2415353.00,952355.00,68443.00,-108664.00,0.00,0.00
Manufacture of flat glass (including float glass),15204,2016,A,9,784,783,3990829.00,4255200.00,234863.00,4020337.00,3869093.00,2885851.00,306732.00,40637.00,-81183.00,0.00,0.00
Tanning and dressing of leather,15109,2016,B,6,62,58,64075.00,40288.00,7753.00,32535.00,64977.00,31264.00,32369.00,0.00,-661.00,0.00,0.00
Manufacture of bills/coin counting and coin wrapping machinery,15318,2016,B,6,68,68,52878.00,50769.00,10595.00,40173.00,52603.00,28462.00,14213.00,0.00,-1736.00,0.00,0.00
"Manufacture of perfumes, cosmetics and other toilet preparations",15179,2016,B,34,302,292,760656.00,647065.00,43218.00,603847.00,806828.00,608955.00,171005.00,0.00,58553.00,0.00,0.00
Manufacture of hand-made paper,15142,2016,B,6,72,67,77455.00,69510.00,7297.00,62213.00,77491.00,54111.00,17508.00,0.00,527.00,0.00,0.00
Casting/foundry of iron,15236,2016,A,10,423,423,365943.00,340310.00,82034.00,258277.00,366143.00,232273.00,125955.00,8187.00,5158.00,0.00,0.00
Custom tailoring,15104,2016,A,29,991,926,439099.00,395467.00,95823.00,299644.00,430580.00,258583.00,153293.00,78.00,4310.00,0.00,0.00
"Wine manufacturing, n.e.c.",1567,2016,B,8,85,64,64751.00,55365.00,5363.00,50002.00,62416.00,39788.00,18990.00,-27171.00,-845.00,0.00,0.00
"Manufacture of brooms, brushes and fans",15401,2016,B,6,89,85,96143.00,91933.00,12109.00,79825.00,92928.00,68594.00,18064.00,80.00,-11501.00,0.00,0.00
Manufacture of metal sanitary ware and plumbing fixtures,15261,2016,A,4,1014,1014,2358679.00,1644621.00,216054.00,1428568.00,2564177.00,1255682.00,1116047.00,21.00,236362.00,0.00,0.00
"Manufacture of structural metal products, n.e.c.",15244,2016,B,44,605,605,868249.00,787013.00,138494.00,648519.00,869764.00,535855.00,245825.00,0.00,39310.00,0.00,0.00
Gold and other precious metal refining,15231,2016,A,3,382,372,2544147.00,2589939.00,31756.00,2558183.00,2436054.00,1147053.00,167050.00,15771.00,-99051.00,0.00,0.00
Coffee roasting and processing,1555,2016,B,15,170,163,221765.00,211424.00,23001.00,188424.00,215894.00,159831.00,43402.00,6216.00,6.00,0.00,0.00
Processing of fresh milk and cream,1525,2016,A,10,4285,4285,148339767.00,115239284.00,8050399.00,107188885.00,150997282.00,72415957.00,45727446.00,243597.00,5866165.00,0.00,0.00
"Manufacture of drinks flavored with fruit juices, syrups or other materials",1570,2016,B,5,70,70,29834.00,28132.00,6182.00,21950.00,29226.00,16977.00,9213.00,0.00,35.00,0.00,0.00
Manufacture of rubber shoes,15113,2016,A,12,1204,1202,726267.00,727755.00,145367.00,582388.00,674734.00,469125.00,173445.00,3472.00,-30471.00,0.00,0.00
Manufacture of rubber garments,15192,2016,A,3,159,159,162112.00,141712.00,39727.00,101985.00,181379.00,109645.00,65868.00,0.00,23857.00,0.00,0.00
Manufacture of wheeled toys,15385,2016,A,17,3091,3085,4038581.00,3913617.00,516729.00,3396888.00,3988743.00,2812583.00,769567.00,79638.00,-181990.00,0.00,0.00
Manufacture of machinery for working rubber or plastic or for the manufacture of products of these materials,15346,2016,B,10,90,90,602888.00,644392.00,58152.00,586240.00,599374.00,447336.00,28794.00,0.00,-8676.00,0.00,0.00
Manufacture of other articles of paperboard,15148,2016,A,12,855,855,1064169.00,1025999.00,128564.00,897436.00,1107105.00,841677.00,192894.00,14.00,-91366.00,0.00,0.00
Manufacture of industrial (compressed and liquefied) gases,15159,2016,A,29,1370,1355,6639403.00,5713890.00,470647.00,5243244.00,6159750.00,3663939.00,1826004.00,11839.00,53481.00,0.00,0.00
Manufacture of hand tools,15253,2016,B,23,228,228,730562.00,657871.00,37529.00,620342.00,768240.00,586267.00,125084.00,0.00,120461.00,0.00,0.00
Manufacture of plastic household wares,16191,2016,B,41,480,478,475319.00,451394.00,58927.00,392467.00,485249.00,379749.00,92599.00,407.00,30712.00,0.00,0.00
"Manufacture of ophthalmic goods, eyeglasses, sunglasses, lenses ground to prescription, contact lenses, safety goggles",15389,2016,B,3,16,16,8221.00,6165.00,1038.00,5128.00,8221.00,4710.00,3277.00,0.00,1440.00,0.00,0.00
"Manufacture of knitted or crocheted hosiery, underwear and outerwear when knitted or crocheted directly into shape",16106,2016,A,14,2324,2322,2714140.00,2298640.00,470353.00,1828287.00,2703658.00,1452380.00,973742.00,6010.00,-1231.00,0.00,0.00
Manufacture of flavoring extracts and food coloring,1560,2016,A,10,1152,1150,3337447.00,2980506.00,346066.00,2634439.00,3294669.00,2265645.00,748071.00,182828.00,-44524.00,0.00,0.00
Manufacture of motor vehicles,15350,2016,B,22,270,270,975184.00,832090.00,56117.00,775973.00,1141073.00,854547.00,213463.00,0.00,237950.00,0.00,0.00
Smoking of fish and other marine products,155,2016,A,3,100,91,262934.00,267079.00,9588.00,257491.00,259204.00,227007.00,20575.00,0.00,-3715.00,0.00,0.00
Manufacture of abrasive products,15223,2016,B,3,17,16,12616.00,10343.00,1712.00,8631.00,10040.00,3971.00,5070.00,0.00,-731.00,0.00,0.00
Manufacture of vinegar,1562,2016,A,4,178,174,2455282.00,2211755.00,255050.00,1956704.00,2346359.00,1314627.00,573075.00,0.00,-20022.00,0.00,0.00
Manufacture of rubber slippers,15117,2016,A,12,1014,1002,1074436.00,1018324.00,149092.00,869232.00,1079753.00,775762.00,263384.00,13862.00,79228.00,0.00,0.00
Manufacture of accumulators (storage batteries) including parts,15287,2016,B,3,30,30,253920.00,130369.00,63178.00,67191.00,251769.00,27564.00,192285.00,0.00,-3872.00,0.00,0.00
Manufacture of electrical transformers,15283,2016,B,3,25,25,16142.00,143391.00,16330.00,127062.00,16121.00,14928.00,-42971.00,82.00,-1593.00,0.00,0.00
"Manufacture of machinery for pulp, paper and paperboard industries",15345,2016,A,4,291,291,594149.00,539681.00,76800.00,462881.00,585278.00,411176.00,149459.00,27218.00,22678.00,0.00,0.00
Manufacture of inorganic salts and compounds,15160,2016,B,8,98,98,976696.00,926479.00,35208.00,891271.00,898693.00,759368.00,101168.00,0.00,-56464.00,0.00,0.00
"Service activities related to printing, n.e.c.",15152,2016,B,108,784,784,287465.00,277067.00,67403.00,209664.00,275914.00,159618.00,87015.00,0.00,-1042.00,0.00,0.00
"Manufacture of cleaning preparations, except soap and detergents",15177,2016,B,4,53,53,222230.00,123665.00,31080.00,92586.00,191150.00,47420.00,155507.00,366.00,-3323.00,0.00,0.00
"Non-ferrous rolling, drawing and extrusion mills",15233,2016,A,3,96,92,762647.00,303921.00,35423.00,268498.00,759650.00,232607.00,507907.00,3776.00,12396.00,0.00,0.00
Manufacture of wheeled toys,15385,2016,B,6,61,61,31045.00,21375.00,5105.00,16270.00,30949.00,13242.00,16361.00,0.00,584.00,0.00,0.00
"Baking of bread, cakes, pastries, pies and similar 'perishable' bakery products, including hopia and doughnut making",1540,2016,B,7165,54727,51552,13836889.00,13150671.00,3548723.00,9601948.00,13436208.00,7737288.00,4856854.00,13852.00,-308174.00,0.00,0.00
Manufacture of domestic-type water filters and/or purifiers,15300,2016,A,3,131,131,701618.00,670656.00,37324.00,633331.00,704251.00,590131.00,80213.00,0.00,-6340.00,0.00,0.00
"Manufacture of agricultural and forestry machinery and equipment, n.e.c.",15332,2016,B,10,102,99,28331.00,24885.00,5200.00,19685.00,31404.00,20202.00,10515.00,0.00,2605.00,0.00,0.00
Manufacture of wood furniture,15367,2016,B,661,3270,2610,1425121.00,1383194.00,302546.00,1080648.00,1409938.00,970693.00,430183.00,0.00,-11701.00,0.00,0.00
Manufacture of other articles of paper,15147,2016,B,30,344,324,616217.00,599981.00,63557.00,536424.00,631206.00,519680.00,98776.00,0.00,6148.00,0.00,0.00
Slaughtering and meat packing,151,2016,A,41,5218,5172,2901464.00,2573510.00,608901.00,1964610.00,2877958.00,1624578.00,1158361.00,86993.00,-3182.00,500.00,0.00
Manufacture of marble products,15222,2016,A,5,137,137,42986.00,31129.00,13285.00,17844.00,40843.00,11554.00,27095.00,90.00,-2304.00,0.00,0.00
Manufacture of knitted and crocheted apparel,15106,2016,B,10,118,117,60573.00,60081.00,17780.00,42302.00,60822.00,39258.00,20982.00,263.00,-95.00,0.00,0.00
"Manufacture of primary plastic products (e.g. sheets, film, plates, etc.)",15200,2016,B,4,31,31,83207.00,84133.00,5816.00,78317.00,86752.00,74061.00,7983.00,367.00,7646.00,0.00,0.00
Slaughtering and meat packing,151,2016,B,38,335,273,59759.00,51434.00,28624.00,22811.00,54499.00,16254.00,35782.00,0.00,-169.00,0.00,0.00
Bookbinding and related work,15151,2016,B,10,66,52,24269.00,17827.00,9992.00,7834.00,24269.00,3813.00,17561.00,0.00,239.00,0.00,0.00
Manufacture of electric lamps fluorescent and fixtures,15292,2016,A,22,4730,4730,8962290.00,7137684.00,968127.00,6169556.00,7686441.00,5061014.00,3062219.00,40432.00,-33454.00,0.00,0.00
Manufacture of medical and precision instruments,15391,2016,A,18,1812,1806,2283004.00,2021710.00,458854.00,1562857.00,2305865.00,1156038.00,870499.00,130044.00,21988.00,0.00,0.00
Treatment and coating of metals; machining,15251,2016,A,26,1594,1588,3177340.00,3036346.00,446784.00,2589562.00,3121675.00,1780161.00,995676.00,196403.00,55762.00,0.00,0.00
"Manufacture of wearing apparel, n.e.c",15103,2016,A,78,29038,29030,13267684.00,12578930.00,4844769.00,7734161.00,13319075.00,6702090.00,5884336.00,136068.00,-89123.00,0.00,0.00
"Manufacture of lifting and hoisting machinery, cranes, elevators , industrial trucks, tractors, stackers, specialized ports for lifting and handling equipment",15314,2016,B,3,32,32,64071.00,62187.00,6370.00,55817.00,64505.00,47836.00,12331.00,0.00,5759.00,0.00,0.00
"Manufacture of wire nails, not in steel rolling",15258,2016,B,3,27,27,1504889.00,1461923.00,5521.00,1456402.00,1501254.00,1386477.00,114545.00,1366.00,216818.00,0.00,0.00
Manufacture of jewelry made of precious and semi-precious stones,15374,2016,B,51,280,275,390784.00,376084.00,36487.00,339597.00,392215.00,306824.00,54096.00,0.00,3707.00,0.00,0.00
Manufacture of structural concrete products,15217,2016,B,542,4997,4509,5608362.00,5120692.00,853286.00,4267406.00,5224698.00,2791133.00,1610031.00,33725.00,401279.00,0.00,0.00
Manufacture of small hand-operated kitchen appliances,15260,2016,A,4,370,370,1334431.00,1209915.00,136208.00,1073706.00,1347059.00,930694.00,302286.00,30695.00,15845.00,0.00,0.00
Manufacture of lighting equipment and parts except for use on cycle and motor equipment,15293,2016,B,3,28,28,53907.00,47980.00,5453.00,42527.00,54642.00,37387.00,14041.00,2841.00,1218.00,0.00,0.00
"Manufacture of flour mixes and prepared blended flour and dough for bread, cakes, biscuits or pancakes",1537,2016,A,3,227,227,1257201.00,1106567.00,108427.00,998140.00,1266945.00,832565.00,318669.00,4195.00,40965.00,0.00,0.00
Manufacture of electricity distribution equipment,15285,2016,A,9,2646,2646,9909607.00,8623991.00,752016.00,7871975.00,9726476.00,6217134.00,2761475.00,32706.00,51201.00,0.00,0.00
Manufacture of bicycles and bicycle parts,15364,2016,B,3,22,22,7104.00,7367.00,1787.00,5581.00,7337.00,4894.00,2022.00,0.00,198.00,0.00,0.00
"Manufacture of other footwear, n.e.c.",15120,2016,B,4,57,46,35855.00,33108.00,5602.00,27506.00,38590.00,28350.00,9189.00,1060.00,2414.00,0.00,0.00
"Manufacture of galvanized steel sheets, tinplates and other coated metal products made in steel works or rolling mills",15229,2016,A,27,2025,2023,20541247.00,18852577.00,836301.00,18016276.00,21427772.00,17280939.00,3031865.00,15854.00,1991548.00,0.00,0.00
Manufacture of structural concrete products,15217,2016,A,97,6649,6645,21906405.00,19506324.00,1409314.00,18097010.00,21734046.00,16637059.00,4388698.00,409449.00,154754.00,0.00,0.00
Manufacture of wooden coffin,15398,2016,B,21,186,182,101457.00,74727.00,22522.00,52204.00,88967.00,34817.00,58243.00,6384.00,76.00,0.00,0.00
"Casting of non-ferrous metal, n.e.c.",15241,2016,B,3,35,35,86767.00,83130.00,4249.00,78881.00,85822.00,75602.00,9181.00,71.00,-4823.00,0.00,0.00
"Manufacture of flour mixes and prepared blended flour and dough for bread, cakes, biscuits or pancakes",1537,2016,B,5,29,21,131530.00,128961.00,5632.00,123329.00,133815.00,105370.00,15684.00,0.00,1243.00,0.00,0.00
Manufacture of virgin coconut oil,1518,2016,B,19,202,146,660984.00,639496.00,11551.00,627944.00,661761.00,606074.00,44353.00,0.00,2797.00,0.00,258.00
"Manufacture of plastic window and door screen, shades and venetian blinds",15202,2016,B,24,355,355,367841.00,344426.00,34551.00,309876.00,367950.00,267408.00,62508.00,0.00,2374.00,0.00,0.00
Manufacture of hand tools,15253,2016,A,10,558,557,760414.00,622412.00,135667.00,486745.00,737897.00,408092.00,297125.00,4418.00,16346.00,0.00,0.00
Manufacture of knitted and crocheted apparel,15106,2016,A,8,1806,1806,927774.00,889819.00,302803.00,587016.00,924483.00,334375.00,373800.00,0.00,-1232.00,0.00,0.00
Manufacture of side cars,15362,2016,B,26,104,93,19739.00,19099.00,4848.00,14251.00,19727.00,12005.00,7708.00,0.00,1839.00,0.00,0.00
Manufacture of parts and accessories for motor vehicles and their engines,15354,2016,A,82,29875,29864,119629395.00,111309636.00,10299211.00,101010425.00,118412588.00,84950092.00,25940324.00,2433268.00,351538.00,435830.00,0.00
"Distilling, rectifying and blending of spirits",1565,2016,B,3,32,32,15794.00,14387.00,3385.00,11002.00,16667.00,9689.00,6425.00,0.00,1228.00,0.00,1559.00
Manufacture of knitted and crocheted fabrics,1583,2016,A,13,718,713,1260469.00,1227528.00,119389.00,1108140.00,1299539.00,1091265.00,182351.00,0.00,60556.00,0.00,0.00
Manufacture of medical and precision instruments,15391,2016,B,7,72,72,41520.00,37484.00,8511.00,28972.00,40425.00,24247.00,14383.00,208.00,-501.00,0.00,0.00
Printing,15149,2016,B,1367,12040,11778,14486886.00,12934808.00,1969240.00,10965568.00,13508943.00,9284885.00,3150640.00,501845.00,-82028.00,0.00,0.00
Manufacture of small cane wares,15135,2016,A,21,888,855,813439.00,709330.00,121952.00,587378.00,760929.00,461359.00,249856.00,11283.00,-7785.00,0.00,0.00
Manufacture of milk-based infants' and dietetic foods,1530,2016,A,14,4456,4453,41549061.00,31059386.00,3512287.00,27547100.00,41091184.00,17914697.00,15824740.00,1056925.00,694258.00,0.00,0.00
"Manufacture of plastic articles for packing goods (e.g. boxes, bags, sacks, etc.)",16190,2016,B,124,1634,1634,3876621.00,3646604.00,189126.00,3457478.00,3430375.00,2931838.00,467921.00,33252.00,-468748.00,0.00,0.00
Manufacture of plastic synthetic resins,15167,2016,B,9,105,95,280555.00,215306.00,18602.00,196704.00,276702.00,179780.00,87739.00,0.00,-5311.00,0.00,0.00
"Manufacture of made-up textile articles, except wearing apparel, n.e.c.",1587,2016,B,10,135,135,132992.00,118465.00,21308.00,97157.00,126817.00,77208.00,45197.00,0.00,-2005.00,0.00,0.00
Manufacture of unprepared animal feeds from grain milling residues,1536,2016,B,13,118,108,307950.00,258154.00,27218.00,230936.00,300381.00,211117.00,81684.00,5244.00,-9580.00,0.00,0.00
Manufacture of vinegar,1562,2016,B,8,79,56,17684.00,12938.00,4565.00,8374.00,17133.00,6425.00,9996.00,0.00,-525.00,0.00,0.00
Manufacture of rubber slippers,15117,2016,B,10,76,73,18922.00,16025.00,5928.00,10097.00,18924.00,7991.00,9662.00,0.00,159.00,0.00,0.00
Manufacture of asphalt products,15220,2016,A,4,644,641,1856738.00,1665211.00,145851.00,1519360.00,1473700.00,1227953.00,409370.00,34550.00,-80124.00,0.00,0.00
Manufacture of marble products,15222,2016,B,15,25,15,54197.00,48384.00,730.00,47654.00,54197.00,44997.00,6908.00,0.00,11298.00,0.00,0.00
Ready-made embroidered garments manufacturing,15101,2016,B,46,549,522,62293.00,51860.00,18658.00,33202.00,61692.00,22692.00,31908.00,0.00,-688.00,0.00,0.00
Manufacture of clay building materials,15209,2016,A,9,2248,2248,5137063.00,4717500.00,490119.00,4227382.00,4765164.00,2828521.00,1355220.00,215614.00,42985.00,0.00,0.00
Manufacture of sports and energy drink,1572,2016,A,3,388,388,2065407.00,1746096.00,43230.00,1702865.00,2082021.00,1105048.00,623959.00,16227.00,83423.00,0.00,0.00
Manufacture of electric motors and generators,15282,2016,A,7,505,505,824095.00,827420.00,117137.00,710283.00,821711.00,613560.00,155045.00,6714.00,24593.00,0.00,0.00
"Manufacture of miscellaneous chemical products, n.e.c.",15185,2016,B,24,194,194,722408.00,700848.00,40224.00,660624.00,722662.00,592452.00,105532.00,0.00,7421.00,0.00,0.00
"Manufacture of articles for personal use, e.g. smoking pipes, combs, slides and similar articles",15395,2016,B,14,188,176,38687.00,26114.00,12313.00,13801.00,43819.00,17937.00,25372.00,-24.00,7225.00,0.00,0.00
"Manufacture of switches, fuses, sockets, plugs, conductors and lightning arresters and other control apparatus",15286,2016,A,10,1678,1662,2777629.00,2638307.00,313716.00,2324590.00,2773715.00,2035644.00,603173.00,21132.00,3333.00,0.00,0.00
"Manufacture of narrow fabrics, laces, tulles and other net fabrics",1594,2016,A,17,940,940,570522.00,538265.00,148729.00,389535.00,570338.00,353943.00,200805.00,1294.00,9316.00,0.00,0.00
Spinning,1578,2016,A,14,1936,1936,2851423.00,2516697.00,361615.00,2155081.00,2711695.00,1785650.00,808810.00,48501.00,-235833.00,3121.00,0.00
"Manufacture of structural steel products and metal components of bridges, smoke stacks and buildings",15242,2016,A,35,10451,10449,9943274.00,8728848.00,2014568.00,6714280.00,9874051.00,5289596.00,3398951.00,200017.00,137150.00,0.00,0.00
Operation of rolling mills,15226,2016,A,20,1803,1793,20846721.00,19483284.00,549575.00,18933710.00,18832209.00,15866083.00,2476865.00,310198.00,200405.00,0.00,0.00
Women's and girls' and babies' garment manufacturing,15100,2016,A,208,39571,39406,25955092.00,23431729.00,7434077.00,15997653.00,25978584.00,13071903.00,10886922.00,173262.00,420114.00,0.00,0.00
"Manufacture of miscellaneous chemical products, n.e.c.",15185,2016,A,10,728,728,1207198.00,1033696.00,197978.00,835718.00,1202495.00,539521.00,468282.00,16555.00,-3601.00,0.00,684.00
Ready-made embroidered garments manufacturing,15101,2016,A,14,3097,3093,911594.00,814576.00,480598.00,333978.00,932567.00,268528.00,617139.00,2572.00,24236.00,0.00,0.00
Manufacture of metal containers used for the packing or conveyance of goods,15257,2016,B,30,288,252,191149.00,144215.00,37748.00,106468.00,192926.00,95477.00,89380.00,447.00,4638.00,0.00,0.00
Manufacture of computers and peripheral equipment and accessories,15267,2016,A,38,58179,58171,184006730.00,163877051.00,13581056.00,150295995.00,183652884.00,138552490.00,38683387.00,2840350.00,-35320532.00,0.00,0.00
Repairing of ships and boats other than sports and pleasure boats,15410,2016,B,19,244,244,1024563.00,952947.00,28774.00,924174.00,1024337.00,840517.00,118964.00,0.00,8238.00,0.00,0.00
"Cutting, shaping and finishing of stone",15219,2016,A,8,457,457,1834317.00,1602749.00,116143.00,1486607.00,1802711.00,995019.00,455900.00,-130.00,-47234.00,0.00,0.00
Manufacture of wiring devices,15291,2016,A,4,161,161,260952.00,233543.00,64897.00,168646.00,260225.00,148505.00,98564.00,4105.00,6196.00,0.00,0.00
"Manufacture of industrial and other molded rubber products, excluding tires and tubes",15193,2016,A,46,5697,5692,9200143.00,8359586.00,1468589.00,6890997.00,9116095.00,5579877.00,2949155.00,386699.00,70239.00,0.00,0.00
Manufacture of leather parts of footwear,15119,2016,B,4,45,45,62706.00,52796.00,7343.00,45452.00,62252.00,23043.00,23398.00,5532.00,-67.00,0.00,0.00
Manufacture of guitars,15378,2016,B,5,50,50,122287.00,100656.00,29641.00,71015.00,105044.00,28725.00,59511.00,76.00,-24954.00,0.00,0.00
Weaving of textiles,1679,2016,B,29,234,218,43867.00,23870.00,6873.00,16997.00,43774.00,10098.00,28200.00,0.00,-660.00,0.00,0.00
Manufacture of fluid power equipment,15309,2016,A,5,2147,2147,15342803.00,14636947.00,1259497.00,13377450.00,15271601.00,12110250.00,2897957.00,271687.00,1032698.00,0.00,0.00
Manufacture of glass fibers (including glass wool) and yarn of glass fibers,15206,2016,A,9,927,927,1601305.00,1537556.00,204945.00,1332610.00,1564906.00,1140405.00,297560.00,8926.00,12276.00,0.00,0.00
"Manufacture of paint products, n.e.c.",15175,2016,B,4,65,65,1373276.00,1323484.00,16814.00,1306670.00,1367836.00,1282603.00,72208.00,14346.00,31785.00,0.00,0.00
Manufacture of electric ignition or starting equipment for internal combustion engines,15353,2016,A,23,53400,53400,105193143.00,85948124.00,12999751.00,72948374.00,104180470.00,63107421.00,35881273.00,3327142.00,241165.00,0.00,0.00
"Manufacture of wearing apparel, n.e.c",15103,2016,B,128,1834,1706,631980.00,468828.00,168322.00,300506.00,822286.00,432137.00,345231.00,0.00,214319.00,0.00,0.00
Men's and boys' garment manufacturing,1599,2016,B,185,3311,3188,1947270.00,1717883.00,202211.00,1515672.00,1936135.00,1349656.00,499973.00,10389.00,80957.00,0.00,0.00
Manufacture of veneer sheets and plywood,15125,2016,B,12,140,138,71102.00,58993.00,6794.00,52199.00,60263.00,34940.00,20506.00,0.00,-13444.00,1052.00,0.00
Manufacture of clay building materials,15209,2016,B,11,168,168,5259603.00,4048673.00,32969.00,4015704.00,5411520.00,3642086.00,1331251.00,-1928.00,450864.00,0.00,0.00
"Manufacture of soft drinks except drinks flavored with fruit juices, syrups or other materials",1569,2016,A,39,6458,6458,77827798.00,73824779.00,8256743.00,65568036.00,76960838.00,48376349.00,18798735.00,6964660.00,-2581325.00,0.00,0.00
"Manufacture of prosthetic appliances, artificial teeth made to order",15390,2016,B,11,86,86,47670.00,43477.00,23715.00,19761.00,47670.00,10518.00,31874.00,0.00,-835.00,0.00,0.00
Manufacture of consumer electronics,15269,2016,B,3,41,39,41837.00,33700.00,8750.00,24950.00,40961.00,19518.00,17056.00,1074.00,542.00,0.00,0.00
Manufacture of printing-trade machinery and equipment,15347,2016,A,6,5083,5083,12580065.00,12348961.00,1052680.00,11296280.00,12585310.00,10107969.00,2090130.00,519330.00,66168.00,0.00,0.00
Manufacture of cigarettes,1574,2016,A,7,7200,7200,145000760.00,140020788.00,6165434.00,133855354.00,142611680.00,25178253.00,110493831.00,2482672.00,-3459361.00,0.00,704.00
"Manufacture of laminboard, particle board and other panels and board",15126,2016,B,3,35,33,64909.00,63572.00,6680.00,56892.00,64909.00,66580.00,-2243.00,0.00,-12442.00,0.00,0.00
Weaving of textiles,1679,2016,A,17,703,700,453563.00,407288.00,93732.00,313556.00,415625.00,229388.00,180006.00,-19825.00,14699.00,1525.00,0.00
Repair of machinery,15407,2016,A,53,2984,2956,5480261.00,4680406.00,629321.00,4051086.00,5291425.00,3320905.00,1550510.00,8844.00,-54042.00,0.00,0.00
"Manufacture of brooms, brushes and fans",15401,2016,A,3,98,98,40084.00,34615.00,13841.00,20774.00,41976.00,21165.00,19623.00,150.00,3862.00,0.00,0.00
Manufacture of made-up textile goods for house furnishings,1585,2016,B,14,125,114,44860.00,37778.00,10862.00,26917.00,38813.00,24158.00,21602.00,0.00,2169.00,0.00,0.00
Manufacture of silverware and plated ware,15375,2016,A,14,1185,1183,779965.00,720771.00,185666.00,535106.00,749169.00,413927.00,264236.00,-30128.00,-10278.00,1168.00,0.00
Manufacture of glass containers,15205,2016,A,5,996,996,9157807.00,7898518.00,632564.00,7265954.00,8882375.00,4432626.00,2798375.00,790832.00,-32402.00,0.00,0.00
"Manufacture of other porcelain and ceramic products, n.e.c.",15214,2016,B,8,149,149,109537.00,106682.00,15169.00,91513.00,112219.00,78838.00,21609.00,910.00,8576.00,0.00,0.00
Paper and paperboard milling,15141,2016,B,16,251,251,868233.00,697553.00,45101.00,652452.00,766834.00,493700.00,264105.00,0.00,-144105.00,0.00,0.00
"Manufacture of articles for personal use, e.g. smoking pipes, combs, slides and similar articles",15395,2016,A,24,3087,3071,1556884.00,1536617.00,715042.00,821575.00,1524945.00,589409.00,835858.00,8083.00,29000.00,0.00,0.00
Manufacture of fruit and vegetable sauces (e.g. tomato sauce and paste),1513,2016,B,7,89,88,950015.00,922609.00,29871.00,892739.00,916019.00,734756.00,84999.00,0.00,-118488.00,0.00,0.00
Manufacture and assembly of motorcycles,15359,2016,A,11,3695,3695,76068754.00,57106805.00,2335309.00,54771496.00,67454680.00,36614063.00,23625380.00,448123.00,1770123.00,1270.00,0.00
"Manufacture of fiber batting, padding and upholstery filling including coir",1597,2016,B,9,94,82,47633.00,48212.00,9156.00,39056.00,36611.00,20153.00,12523.00,44.00,-12809.00,0.00,0.00
Manufacture of unprepared animal feeds from grain milling residues,1536,2016,A,13,953,946,5020302.00,4812254.00,146527.00,4665727.00,5008450.00,4306411.00,437680.00,60067.00,100916.00,0.00,0.00
Processing of seaweeds; manufacture of agar-agar or carageenan,157,2016,B,33,279,272,251793.00,215478.00,11667.00,203809.00,214407.00,152417.00,50857.00,5243.00,-287.00,0.00,0.00
Casting/foundry of iron,15236,2016,B,3,41,41,15506.00,16262.00,4974.00,11288.00,16133.00,8478.00,6483.00,0.00,-59.00,0.00,0.00
Manufacture of small arms and accessories,15247,2016,A,6,1096,1095,3233159.00,3063374.00,643297.00,2420077.00,3296870.00,2059508.00,939019.00,8497.00,333315.00,0.00,0.00
"Cutting, shaping and finishing of stone",15219,2016,B,23,292,292,89309.00,84156.00,25956.00,58200.00,78575.00,40393.00,36043.00,0.00,-8048.00,0.00,0.00
Manufacture of signs and advertising displays,15403,2016,A,10,520,520,640175.00,608218.00,73068.00,535149.00,641047.00,493397.00,135869.00,0.00,6854.00,0.00,0.00
Manufacture of prepared meals and dishes,1553,2016,B,6,58,53,127143.00,105451.00,4249.00,101202.00,127158.00,98008.00,27156.00,0.00,555.00,0.00,0.00
"Manufacture of drugs and medicines including biological products such as bacterial and virus vaccines, sera and plasma",15188,2016,A,79,12836,12814,70912288.00,52137685.00,6825901.00,45311784.00,45552604.00,20518901.00,20829884.00,1816409.00,378150.00,0.00,0.00
"Manufacture of food products, n.e.c.",1563,2016,B,149,1237,1095,446551.00,324096.00,89487.00,234609.00,389658.00,107959.00,235440.00,19787.00,-41254.00,0.00,0.00
Repair of fabricated metal products,15406,2016,A,71,3775,3734,3850283.00,3346241.00,683179.00,2663061.00,3839916.00,2193361.00,1418743.00,31091.00,84899.00,0.00,58738.00
Sugarcane milling,1544,2016,A,21,7645,7624,47939277.00,42805743.00,3431812.00,39373930.00,44828629.00,28150506.00,11282686.00,2094032.00,985752.00,0.00,0.00
Repair of fabricated metal products,15406,2016,B,271,1809,1466,896642.00,832012.00,243429.00,588583.00,896642.00,512684.00,325850.00,0.00,0.00,0.00,0.00
Manufacture of semi-conductor devices and other electronic components,15266,2016,B,11,140,139,179716.00,175243.00,36232.00,139011.00,173676.00,120164.00,43063.00,192.00,-3478.00,0.00,0.00
Manufacture of shoes made of textile materials with applied soles,15115,2016,B,4,41,36,14576.00,13713.00,3052.00,10661.00,14735.00,8807.00,5429.00,0.00,1071.00,0.00,0.00
Manufacture of rattan and cane containers,15133,2016,A,4,347,345,292759.00,242714.00,24166.00,218548.00,248414.00,168702.00,80407.00,0.00,21170.00,0.00,0.00
Manufacture of fish paste (bagoong) and fish sauce(patis),156,2016,A,15,906,900,1116479.00,1034776.00,226415.00,808361.00,1120349.00,629688.00,333885.00,128.00,7896.00,0.00,0.00
"Manufacture of cleaning preparations, except soap and detergents",15177,2016,A,5,430,430,1133389.00,1033055.00,73114.00,959942.00,1102173.00,879872.00,207222.00,6825.00,-13596.00,0.00,0.00
Manufacture of pipe fittings of iron or steel,15228,2016,B,7,61,61,40733.00,39489.00,6214.00,33275.00,41894.00,31927.00,8084.00,0.00,213.00,0.00,0.00
Building of ships and boats other than sports and pleasure boats,15355,2016,A,23,5076,5006,67922538.00,61652304.00,3238268.00,58414036.00,66620547.00,52733683.00,11245865.00,468669.00,-549462.00,0.00,0.00
"Manufacture of miscellaneous fabricated metal products, n.e.c.",15264,2016,B,84,993,753,7004734.00,6922587.00,173825.00,6748761.00,7111817.00,6546552.00,309250.00,0.00,196642.00,0.00,0.00
Manufacture of veneer sheets and plywood,15125,2016,A,28,4518,4509,14390822.00,13283254.00,600967.00,12682287.00,14522795.00,11740687.00,2167995.00,842814.00,17090.00,0.00,0.00
"Manufacture of basic chemicals, except fertilizers and nitrogen compounds, n.e.c.",15165,2016,B,17,165,165,150717.00,134556.00,24137.00,110418.00,148322.00,88376.00,47192.00,20.00,-1173.00,0.00,0.00
Manufacture of refined coconut and other vegetable oil (including corn oil) and margarine,1522,2016,B,24,246,241,2498090.00,2339131.00,81628.00,2257503.00,2298231.00,1954213.00,476763.00,0.00,139740.00,0.00,0.00
Aluminum and aluminum base alloy casting,15238,2016,B,5,56,56,19719.00,19061.00,8519.00,10542.00,18786.00,8235.00,9615.00,86.00,130.00,0.00,0.00
Manufacture of asphalt products,15220,2016,B,3,32,32,99794.00,76676.00,6524.00,70153.00,105179.00,64529.00,37766.00,1409.00,5370.00,0.00,0.00
"Manufacture of basic chemicals, except fertilizers and nitrogen compounds, n.e.c.",15165,2016,A,8,535,535,5250416.00,4268965.00,248266.00,4020698.00,5280735.00,3464641.00,1502136.00,85707.00,172237.00,0.00,97721.00
Manufacture of furniture and fixtures of metal,15372,2016,A,41,2339,2339,2807760.00,2606423.00,524256.00,2082168.00,2654059.00,1565751.00,753240.00,23565.00,-17680.00,734.00,0.00
"Forging, pressing, stamping and roll-forming of metal products",15249,2016,A,63,7214,7210,19669491.00,19082802.00,2040207.00,17042595.00,19323987.00,14413479.00,3723362.00,202133.00,9346.00,0.00,0.00
Production processing and preserving of meat and meat products,152,2016,B,90,1515,1427,7051637.00,5576055.00,223355.00,5352700.00,7037424.00,5251562.00,1782904.00,0.00,83349.00,0.00,0.00
Manufacture of refractory products,15208,2016,B,13,110,108,60635.00,55321.00,8363.00,46958.00,62081.00,24843.00,17833.00,0.00,1739.00,0.00,0.00
Custom dressmaking,15105,2016,B,283,2842,2710,700396.00,597690.00,185854.00,411835.00,710482.00,361168.00,312956.00,-300.00,43858.00,0.00,0.00
Manufacture of other builders' carpentry and joinery; millworking,15128,2016,B,72,411,319,146710.00,120863.00,34043.00,86820.00,141464.00,67627.00,63679.00,-14520.00,242.00,0.00,0.00
"Manufacture of other architectural and related metal work (e.g., doors, windows, shutters, gates, etc.)",15243,2016,B,214,2772,2344,4726944.00,4544581.00,364033.00,4180548.00,4666182.00,3747479.00,667123.00,67648.00,34312.00,0.00,0.00
Manufacture of starches and starch products,1539,2016,B,8,76,54,296582.00,288710.00,22119.00,266591.00,296581.00,226594.00,68623.00,0.00,-332.00,0.00,0.00
Manufacture of plastic pipes and tubes,15198,2016,B,28,404,404,1941851.00,1626830.00,83959.00,1542871.00,1933177.00,1473147.00,418925.00,0.00,49763.00,0.00,0.00
Manufacture of plastic pipes and tubes,15198,2016,A,41,3660,3645,12415521.00,10514476.00,884919.00,9629557.00,12520484.00,8644365.00,3152898.00,167731.00,299173.00,0.00,0.00
Curing and redrying tobacco leaves,1577,2016,A,3,1816,1816,4297457.00,4121066.00,221309.00,3899757.00,3847962.00,3051047.00,520276.00,-869.00,-326277.00,0.00,0.00
"Manufacture of glass and glass products, n.e.c.",15207,2016,B,28,365,349,640488.00,608981.00,49575.00,559406.00,641151.00,516577.00,107645.00,3395.00,154367.00,0.00,0.00
"Manufacture of other rubber products, n.e.c.",15194,2016,B,20,140,126,133823.00,122180.00,13375.00,108805.00,140289.00,102639.00,32128.00,0.00,666.00,0.00,0.00
"Manufacture of industrial and other molded rubber products, excluding tires and tubes",15193,2016,B,46,566,564,972438.00,956246.00,95975.00,860272.00,985113.00,822801.00,133302.00,0.00,56840.00,0.00,0.00
Zinc and zinc alloy casting,15240,2016,A,5,684,684,1118996.00,1065885.00,186544.00,879342.00,1109012.00,737291.00,245767.00,51708.00,-8597.00,0.00,0.00
Manufacture of imitation of jewelry and related articles,15377,2016,B,9,115,112,70543.00,66269.00,14855.00,51414.00,70343.00,46725.00,20248.00,862.00,-830.00,0.00,0.00
Manufacture of chocolate and cocoa products including chocolate candies,1548,2016,B,6,72,57,28691.00,32898.00,5848.00,27050.00,42571.00,39969.00,706.00,0.00,11802.00,0.00,0.00
Manufacture of hand-made paper,15142,2016,A,5,735,732,91077.00,96872.00,31199.00,65673.00,93300.00,47986.00,29421.00,0.00,1135.00,0.00,0.00
Canning/packing and preserving of fruits and fruit juices,1511,2016,A,36,10962,10941,28402343.00,24972021.00,3051432.00,21920590.00,28037344.00,16838180.00,7551405.00,367672.00,503199.00,0.00,0.00
"Manufacture of structural steel products and metal components of bridges, smoke stacks and buildings",15242,2016,B,37,481,467,638242.00,671905.00,165325.00,506581.00,638242.00,420003.00,158471.00,0.00,5262.00,0.00,0.00
"Manufacture of plastic products, n.e.c.",16198,2016,A,88,6710,6703,11489548.00,10538685.00,1304201.00,9234484.00,11376770.00,8097758.00,2719262.00,560660.00,221926.00,0.00,0.00
Manufacture of lighting sets used for christmas trees and the like,15295,2016,A,3,567,567,396981.00,390775.00,27234.00,363541.00,396965.00,337703.00,45434.00,0.00,-3.00,0.00,0.00
Manufacture of activated carbon,15184,2016,A,4,292,292,2350649.00,2305494.00,126519.00,2178975.00,2218715.00,1777415.00,317549.00,27026.00,28316.00,0.00,0.00
"Manufacture of macaroni, noodles, couscous and similar farinaceous products",1552,2016,B,75,795,666,190137.00,165075.00,30785.00,134290.00,174039.00,107577.00,60400.00,0.00,5028.00,0.00,0.00
Manufacture of other articles of paperboard,15148,2016,B,7,41,40,56993.00,44194.00,6661.00,37533.00,45804.00,23299.00,21586.00,0.00,307.00,0.00,0.00
"Operation of steel works and rolling mills, n.e.c.",15230,2016,B,16,118,118,249693.00,257340.00,37312.00,220027.00,236969.00,171480.00,38937.00,30043.00,25022.00,0.00,0.00
Parts and accessories for the machine tools classified in this group,15335,2016,A,5,538,538,706176.00,782687.00,210190.00,572498.00,717049.00,443349.00,191274.00,10773.00,17001.00,0.00,0.00
Manufacture of refrigerating or freezing equipment for commercial purposes,15323,2016,A,5,352,352,3940325.00,3410385.00,249522.00,3160862.00,3944324.00,2748638.00,875274.00,10167.00,121168.00,0.00,0.00
Manufacture of rough lumber,15121,2016,A,20,1266,1256,1752640.00,1517286.00,187342.00,1329944.00,1781538.00,1136667.00,621441.00,1158.00,6908.00,0.00,0.00
"Manufacture of carpets and rugs, except mats of textile materials",1588,2016,A,9,572,556,576929.00,554331.00,83780.00,470551.00,577006.00,417760.00,125576.00,4751.00,13411.00,0.00,0.00
"Manufacture of other plastic, industrial /office/school supplies",15199,2016,A,52,7731,7722,12286977.00,11242561.00,1933078.00,9309483.00,11352991.00,6733492.00,3792793.00,369368.00,-613489.00,66242.00,0.00
"Manufacture of rattan furniture (reed, wicker, and cane)",15368,2016,A,18,1475,1475,1353797.00,1172327.00,225466.00,946861.00,1277770.00,755345.00,473045.00,667.00,-34539.00,0.00,0.00
Manufacture of consumer electronics,15269,2016,A,24,11998,11994,60195730.00,49430132.00,2061350.00,47368782.00,61752706.00,46508211.00,14066446.00,210513.00,1911735.00,0.00,0.00
Repair of other equipment,16411,2016,A,3,186,184,23029.00,22181.00,13535.00,8647.00,22220.00,4738.00,15096.00,0.00,0.00,0.00,0.00
Manufacture of other electronic and electric wires and cables,15290,2016,A,30,7458,7364,28494016.00,27649692.00,2158644.00,25491047.00,28132604.00,22229899.00,4237147.00,934283.00,362278.00,0.00,0.00
Manufacture of canvas products,1586,2016,A,17,3563,3543,1534579.00,1550419.00,856246.00,694173.00,1461401.00,468376.00,897792.00,0.00,-36760.00,0.00,0.00
"Manufacture of tanks, reservoirs and containers of metal",15245,2016,A,17,1854,1854,3753445.00,3593810.00,561210.00,3032600.00,3733802.00,2446390.00,816437.00,67439.00,-15847.00,0.00,0.00
Manufacture of refined coconut and other vegetable oil (including corn oil) and margarine,1522,2016,A,36,3798,3796,47734472.00,46724178.00,738730.00,45985448.00,47898712.00,43766829.00,2928125.00,262221.00,889849.00,0.00,0.00
Operation of rolling mills,15226,2016,B,26,346,332,1585046.00,1550518.00,68350.00,1482167.00,1529406.00,1383266.00,126218.00,2605.00,-130967.00,0.00,0.00
Manufacture of dolls and doll garments,15384,2016,A,4,439,439,130599.00,110419.00,45149.00,65269.00,126060.00,46197.00,63825.00,0.00,7633.00,0.00,0.00
Manufacture of popcorn and poprice,1650,2016,A,9,2373,2373,3033239.00,2893627.00,390833.00,2502794.00,3006580.00,2125646.00,633944.00,89527.00,-2648.00,0.00,0.00
"Manufacture of wooden window and door screens, shades and venetian blinds",15127,2016,A,5,544,544,768571.00,694061.00,99239.00,594822.00,749505.00,464473.00,205830.00,8233.00,-4082.00,0.00,0.00
"Manufacture of buttons, except plastic",15400,2016,A,4,304,304,158378.00,152356.00,53084.00,99272.00,164866.00,83951.00,66482.00,4635.00,23683.00,0.00,0.00
"Manufacture of bearings, gears and driving elements",15312,2016,A,6,909,909,1812132.00,1880431.00,263320.00,1617111.00,1708282.00,1297223.00,319341.00,7454.00,-38267.00,0.00,0.00
Manufacture of plastic furniture,15371,2016,A,12,791,789,2678248.00,2603411.00,173476.00,2429935.00,2667404.00,2245704.00,382333.00,4557.00,-15480.00,0.00,0.00
Manufacture of machine tools for working metal,15333,2016,A,7,567,567,1448011.00,1309690.00,154776.00,1154914.00,1251017.00,914377.00,294210.00,26578.00,6241.00,0.00,0.00
"Manufacture of snack products such as corn curls, wheat crunchies and similar products",1543,2016,B,51,497,487,182561.00,146265.00,20895.00,125370.00,192032.00,118024.00,62385.00,0.00,19025.00,0.00,0.00
"Manufacture of partitions, shelves, lockers and office and store fixtures",15370,2016,B,14,260,260,343630.00,321947.00,42435.00,279512.00,317639.00,230149.00,75956.00,2722.00,-1299.00,0.00,0.00
Manufacture of canvas products,1586,2016,B,12,56,46,28392.00,25470.00,5532.00,19938.00,28239.00,16734.00,9004.00,0.00,170.00,0.00,0.00
"Manufacture of cordage, rope, and twine",1590,2016,A,8,963,963,1323084.00,1285905.00,221802.00,1064103.00,1282808.00,957402.00,290078.00,2197.00,-68889.00,0.00,0.00
Manufacture of plastic furniture,15371,2016,B,9,131,131,260294.00,248249.00,28178.00,220071.00,252309.00,192058.00,58307.00,0.00,-50997.00,0.00,0.00
Manufacture of desiccated coconut,1519,2016,A,15,8407,8407,21068570.00,20610545.00,1911961.00,18698584.00,21031302.00,16810432.00,3091930.00,1009311.00,346775.00,0.00,0.00
"Manufacture of domestic appliances, n.e.c.",15301,2016,A,8,1313,1312,12646350.00,12278484.00,694593.00,11583891.00,10870132.00,7899752.00,1148972.00,92889.00,69413.00,0.00,0.00
Wood preserving and drying,15123,2016,B,4,26,26,88786.00,63377.00,2134.00,61243.00,88213.00,51619.00,30631.00,0.00,-3725.00,131.00,0.00
Manufacture of box beds and mattresses,15369,2016,A,22,3032,3030,7819753.00,7349372.00,399332.00,6950039.00,7280960.00,5985000.00,1075662.00,59836.00,-187534.00,0.00,0.00
"Manufacture other products of bamboo, cane, rattan and the like, and plaiting materials except furniture, n.e.c.",15137,2016,B,38,278,268,63191.00,60947.00,21262.00,39685.00,64289.00,39158.00,24555.00,0.00,1786.00,0.00,0.00
"Manufacture of slippers and sandals, other than rubber",15118,2016,B,32,376,308,31135.00,24888.00,8306.00,16582.00,32126.00,15771.00,15471.00,0.00,2052.00,0.00,0.00
Manufacture of fiber optic cables,15289,2016,A,3,392,392,686434.00,660736.00,156838.00,503899.00,692587.00,383667.00,204177.00,0.00,-17127.00,0.00,0.00
Repair of electrical equipment,15409,2016,B,4,35,35,55579.00,31240.00,13077.00,18163.00,55579.00,11780.00,38972.00,0.00,171.00,0.00,0.00
Fruit wine manufacturing,1566,2016,B,8,61,54,11633.00,15856.00,8683.00,7173.00,12460.00,5422.00,6068.00,0.00,613.00,0.00,0.00
Manufacture of prepared meals and dishes,1553,2016,A,4,229,229,380647.00,365851.00,55635.00,310217.00,447118.00,275901.00,139877.00,51082.00,53513.00,0.00,0.00
Processing of fresh milk and cream,1525,2016,B,10,64,64,98570.00,88722.00,10146.00,78576.00,97036.00,74068.00,21800.00,1546.00,363.00,0.00,0.00
Manufacture of metal containers used for the packing or conveyance of goods,15257,2016,A,33,3670,3656,16586303.00,16212506.00,1100344.00,15112162.00,16210403.00,13420130.00,2168020.00,142362.00,-750344.00,0.00,0.00
Manufacture of writing and drawing ink,15182,2016,A,4,277,277,365679.00,339983.00,50834.00,289149.00,373977.00,227093.00,89922.00,123.00,8634.00,0.00,0.00
"Manufacture of gas or electric welding, brazing or soldering machines",15328,2016,A,11,833,833,3288050.00,2674325.00,321347.00,2352977.00,2951331.00,1714656.00,1047501.00,69018.00,89985.00,0.00,0.00
Aluminum and aluminum base alloy casting,15238,2016,A,14,1491,1491,3051295.00,2669686.00,431925.00,2237762.00,3058952.00,1975923.00,913795.00,21494.00,77965.00,0.00,0.00
Manufacture of fish paste (bagoong) and fish sauce(patis),156,2016,B,24,352,352,110150.00,99215.00,31793.00,67423.00,105273.00,58483.00,43341.00,0.00,50.00,0.00,0.00
Women's and girls' and babies' garment manufacturing,15100,2016,B,214,2813,2692,1054926.00,939271.00,213962.00,725309.00,1065459.00,607180.00,362938.00,12558.00,76274.00,0.00,0.00
Manufacture of watches and clocks of all kinds including cases of precious metals,15277,2016,A,3,2127,2127,1020758.00,979031.00,598867.00,380165.00,1018916.00,208200.00,692756.00,27389.00,6366.00,0.00,0.00
"Manufacture of macaroni, noodles, couscous and similar farinaceous products",1552,2016,A,69,8037,8023,56287182.00,50605908.00,4772027.00,45833881.00,54767909.00,35092055.00,11126330.00,914564.00,1671998.00,0.00,0.00
Manufacture of machinery for working rubber or plastic or for the manufacture of products of these materials,15346,2016,A,3,264,264,398318.00,376300.00,30599.00,345702.00,401409.00,309953.00,72171.00,12055.00,2727.00,0.00,0.00
Manufacture of nata de coco,1520,2016,A,8,538,538,903282.00,834437.00,68707.00,765730.00,882293.00,712046.00,147151.00,2459.00,-15728.00,0.00,0.00
Canning/packing of fish and other marine products,153,2016,A,48,10892,10878,25079777.00,23759929.00,1489804.00,22270125.00,24765481.00,19180889.00,3600536.00,170007.00,-122367.00,0.00,0.00
Manufacture of paints,15170,2016,A,32,2673,2671,24418753.00,11083191.00,1019668.00,10063523.00,23749903.00,7675805.00,14905349.00,165428.00,12853.00,0.00,0.00
Manufacture of flavoring extracts and food coloring,1560,2016,B,6,115,115,220586.00,187127.00,14588.00,172539.00,221928.00,165729.00,52305.00,53.00,18857.00,0.00,0.00
Manufacture of semi-conductor devices and other electronic components,15266,2016,A,148,150047,149997,466450252.00,367761244.00,52713219.00,315048025.00,468250403.00,254417600.00,194144220.00,47112999.00,10598526.00,274018.00,0.00
"Manufacture of glass and glass products, n.e.c.",15207,2016,A,15,1044,1044,1739097.00,1568843.00,165475.00,1403368.00,1724362.00,1248996.00,379995.00,0.00,6482.00,0.00,0.00
"Manufacture of appliance cords, extension cords, and other electrical cord",15304,2016,B,9,107,103,165264.00,153172.00,21253.00,131920.00,173833.00,130253.00,39123.00,1134.00,8052.00,0.00,0.00
"Processing and preserving of fruits and vegetables, n.e.c.",1517,2016,A,8,403,391,907099.00,896671.00,58262.00,838408.00,905144.00,735952.00,125203.00,20323.00,-22337.00,0.00,0.00
"Manufacture of plastic window and door screen, shades and venetian blinds",15202,2016,A,12,694,694,1542597.00,1469599.00,143752.00,1325847.00,1619128.00,1279281.00,276639.00,77954.00,90172.00,0.00,0.00
"Repair of transport equipment, except motor vehicles, n.e.c.",15412,2016,A,5,2938,2934,10583488.00,9324023.00,2657673.00,6666350.00,10889164.00,4728048.00,5029120.00,871624.00,62618.00,0.00,0.00
Manufacture of pigments and other coloring matter of a kind used in the manufacture of paints or by artists or other painters,15173,2016,B,3,15,12,28947.00,28069.00,3746.00,24322.00,28439.00,19152.00,6286.00,1693.00,3504.00,0.00,0.00
Manufacture of popcorn and poprice,1650,2016,B,7,74,64,12716.00,9842.00,3462.00,6380.00,12717.00,5627.00,6613.00,1000.00,-386.00,0.00,0.00
"Manufacture of fans intended for industrial applications, exhaust hoods for commercial, laboratory or industrial use",15327,2016,A,5,259,259,459142.00,368262.00,69016.00,299246.00,458898.00,265813.00,172304.00,0.00,34141.00,0.00,0.00
Manufacture of household and personal hygiene paper and cellulose wadding products,15145,2016,A,16,2185,2181,3711302.00,3606058.00,217045.00,3389013.00,3438531.00,2595259.00,494945.00,15925.00,-274741.00,0.00,0.00
"Manufacture of other beverages, n.e.c.",1573,2016,B,3,44,44,9331.00,10104.00,3066.00,7038.00,9232.00,5005.00,2921.00,233.00,2245.00,0.00,0.00
Manufacture of pesticides and other agro-chemical products,15169,2016,A,9,1071,1071,4553356.00,4035708.00,336136.00,3699572.00,3840293.00,2369199.00,1078776.00,45690.00,-414179.00,0.00,0.00
Manufacture of candles,15396,2016,A,4,146,144,312142.00,292038.00,17019.00,275020.00,325314.00,279508.00,41340.00,783.00,13655.00,0.00,0.00
"Manufacture of structural metal products, n.e.c.",15244,2016,A,40,2677,2675,11390516.00,10023730.00,723592.00,9300139.00,9657843.00,6961780.00,2465427.00,87192.00,197134.00,0.00,0.00
Manufacture of wood carvings,15130,2016,B,95,1449,1326,1697095.00,1646034.00,133298.00,1512736.00,1697238.00,1156360.00,202464.00,6418.00,-119472.00,0.00,0.00
"Manufacture of other products of wood; manufacture of articles of cork and plaiting materials, except furniture, n.e.c.",16136,2016,A,11,878,878,525446.00,461297.00,122823.00,338474.00,468308.00,249925.00,227536.00,6834.00,22407.00,0.00,0.00
"Processing and preserving of fruits and vegetables, n.e.c.",1517,2016,B,10,115,90,35207.00,32545.00,8717.00,23827.00,35409.00,23744.00,11547.00,0.00,182.00,0.00,0.00
Manufacture of optical instruments and lenses,15279,2016,A,20,6785,6780,15007298.00,13506203.00,2046220.00,11459983.00,14738246.00,10134866.00,4115191.00,248157.00,-345042.00,0.00,0.00
"Manufacture of hats, gloves, handkerchiefs, neckwear and belts regardless of material",15102,2016,A,25,4034,4028,2172106.00,1989849.00,639883.00,1349966.00,2154364.00,1092836.00,889692.00,5906.00,-351331.00,49867.00,0.00
Manufacture of domestic electric fans,15296,2016,B,12,101,100,654895.00,571667.00,30209.00,541458.00,655394.00,439752.00,123958.00,2841.00,10156.00,0.00,0.00
Smoking of fish and other marine products,155,2016,B,19,201,98,463537.00,340105.00,7936.00,332170.00,478586.00,324875.00,144055.00,0.00,40523.00,0.00,0.00
"Manufacture of aluminum window and door screens, shades and venetian blinds",15263,2016,A,10,1421,1421,2436890.00,2356444.00,370524.00,1985920.00,2416603.00,1649871.00,560022.00,3898.00,-144544.00,0.00,0.00
"Baking of bread, cakes, pastries, pies and similar 'perishable' bakery products, including hopia and doughnut making",1540,2016,A,398,30379,30293,58202332.00,52290523.00,7474273.00,44816250.00,56164193.00,35045023.00,15270679.00,1717514.00,956474.00,0.00,0.00
"Manufacture of other furniture and fixtures, n.e.c.",15373,2016,A,13,1175,1174,2643669.00,2372618.00,388656.00,1983962.00,2515642.00,1648732.00,707682.00,24356.00,430.00,0.00,0.00
Manufacture of bottled water,1571,2016,B,3346,15880,10046,1700880.00,1500608.00,426252.00,1074356.00,1623058.00,726101.00,706259.00,5018.00,6813.00,0.00,0.00
"Manufacture of products of leather and imitation leather, n.e.c.",16110,2016,A,10,1316,1316,13163143.00,10216561.00,461040.00,9755521.00,13007154.00,8889375.00,3840095.00,297065.00,255313.00,0.00,0.00
"Manufacture of medical, surgical, dental furniture and fixtures",15388,2016,B,9,79,79,103888.00,106630.00,13408.00,93222.00,103888.00,75431.00,16244.00,3363.00,940.00,0.00,0.00
Manufacture of dolls and doll garments,15384,2016,B,3,33,33,39485.00,39018.00,6416.00,32602.00,26726.00,16855.00,7839.00,0.00,-15665.00,0.00,0.00
Manufacture of jewelry made of precious and semi-precious stones,15374,2016,A,13,1681,1670,1292551.00,1171294.00,264863.00,906431.00,1240377.00,736444.00,427384.00,3657.00,5097.00,0.00,0.00
Manufacture of signs and advertising displays,15403,2016,B,24,248,248,135262.00,127638.00,18944.00,108694.00,135261.00,99257.00,30405.00,0.00,2417.00,0.00,0.00
Manufacture of computers and peripheral equipment and accessories,15267,2016,B,4,45,43,116188.00,105098.00,20932.00,84165.00,117363.00,63434.00,42513.00,0.00,12097.00,0.00,0.00
"Manufacture of chewing and smoking tobacco, snuff",1576,2016,A,5,920,920,3080558.00,2585562.00,95754.00,2489808.00,2946682.00,2130085.00,706636.00,-304.00,-9784.00,0.00,0.00
"Manufacture of plastic products, n.e.c.",16198,2016,B,78,840,792,998164.00,982164.00,129955.00,852209.00,1013597.00,828262.00,162920.00,0.00,41304.00,0.00,0.00
Manufacture of air and spacecraft and related machinery,15358,2016,A,9,1610,1601,11208620.00,6097411.00,1844959.00,4252452.00,12261361.00,5051598.00,7101829.00,3463.00,5077275.00,0.00,0.00
Custom tailoring,15104,2016,B,507,2459,1793,355583.00,290747.00,90112.00,200636.00,354834.00,161705.00,164936.00,167.00,-17501.00,0.00,0.00
"Manufacture of drinks flavored with fruit juices, syrups or other materials",1570,2016,A,13,1060,1060,5540862.00,4958058.00,802029.00,4156028.00,5439383.00,2935479.00,1895168.00,558339.00,-312465.00,3559.00,0.00
Manufacture of leather shoes,15112,2016,A,39,3691,3688,2403975.00,2395478.00,684267.00,1711210.00,2416902.00,1440360.00,820691.00,4965.00,16252.00,0.00,0.00
Manufacture of prepared animal feeds,1564,2016,B,71,1027,1027,1185293.00,936750.00,92615.00,844135.00,1183210.00,703216.00,452085.00,0.00,42263.00,0.00,0.00
Manufacture of sporting gloves and mitts,15381,2016,A,5,1185,1184,1991570.00,1809409.00,356408.00,1453001.00,1981861.00,1301103.00,568966.00,1500.00,42483.00,0.00,0.00
"Manufacture of pulp, paper and paperboard, n.e.c.",15143,2016,A,11,903,895,7783655.00,6810802.00,460306.00,6350497.00,7865097.00,4994957.00,1883753.00,224313.00,284562.00,0.00,0.00
Manufacture of unit air-conditioners,15324,2016,A,11,1205,1205,12905250.00,10042724.00,865106.00,9177618.00,11332194.00,6228233.00,3901679.00,55429.00,171733.00,0.00,0.00
Cassava flour milling,1533,2016,A,3,137,137,208852.00,206493.00,22829.00,183664.00,238793.00,175709.00,47495.00,25593.00,26239.00,0.00,0.00
Manufacture of switch gear and switchboard apparatus,15284,2016,A,6,642,642,1459499.00,1397118.00,109797.00,1287322.00,1460394.00,1190609.00,207191.00,6455.00,71717.00,0.00,0.00
"Manufacture of steam generators, except central heating hot water boilers",15246,2016,A,6,1314,1314,2187983.00,1655846.00,622070.00,1033776.00,2077140.00,616821.00,1297710.00,86230.00,69469.00,0.00,0.00
Manufacture of bodies (coachwork) for motor vehicles,15351,2016,A,13,805,789,2934062.00,2753538.00,196870.00,2556668.00,2850371.00,2240105.00,541740.00,16488.00,-958.00,0.00,0.00
Printing,15149,2016,A,316,15855,15835,29751785.00,25905731.00,3613261.00,22292470.00,28835586.00,16729429.00,10227484.00,884543.00,243222.00,0.00,0.00
Drying of fish and other marine products,154,2016,B,52,481,275,79478.00,65476.00,8672.00,56804.00,80328.00,52762.00,23230.00,139.00,777.00,0.00,0.00
Manufacture of electric ignition or starting equipment for internal combustion engines,15353,2016,B,4,33,32,39815.00,33473.00,2267.00,31206.00,39821.00,26853.00,9348.00,0.00,781.00,0.00,0.00
Manufacture of printing ink,15174,2016,A,15,1177,1177,4040568.00,3681456.00,291926.00,3389531.00,4040566.00,3152952.00,777455.00,29586.00,200673.00,0.00,0.00
Manufacture of ethanol,15158,2016,A,4,623,621,4519722.00,4986828.00,168688.00,4818139.00,4184858.00,3723392.00,260147.00,185672.00,-155215.00,0.00,0.00
Casting/foundry of steel,15237,2016,A,7,609,609,1292789.00,1177271.00,204697.00,972574.00,1260544.00,693619.00,336001.00,55367.00,-7921.00,0.00,0.00
Manufacture of charcoal outside the forest,15131,2016,B,13,127,110,257852.00,211773.00,11705.00,200068.00,258142.00,194383.00,62372.00,0.00,4532.00,0.00,0.00
"Non-ferrous rolling, drawing and extrusion mills",15233,2016,B,5,70,70,123421.00,104636.00,13560.00,91076.00,122133.00,78808.00,35992.00,1399.00,4676.00,0.00,0.00
Manufacture of lime,15216,2016,A,5,311,311,1039718.00,913697.00,46280.00,867418.00,1036024.00,606282.00,319645.00,20194.00,-44006.00,0.00,0.00
Manufacture of parts and accessories for motor vehicles and their engines,15354,2016,B,43,308,308,1771495.00,1682378.00,58286.00,1624091.00,1777631.00,1532294.00,159750.00,0.00,164180.00,0.00,0.00
Manufacture of other builders' carpentry and joinery; millworking,15128,2016,A,13,4324,4320,32407015.00,27139314.00,1059178.00,26080136.00,32044819.00,24809422.00,6651299.00,266690.00,311925.00,0.00,0.00
Manufacture of embroidered fabrics,1593,2016,B,18,247,240,95877.00,88463.00,16365.00,72098.00,90238.00,59904.00,27348.00,0.00,9114.00,0.00,0.00
"Manufacture of hats, gloves, handkerchiefs, neckwear and belts regardless of material",15102,2016,B,10,135,135,8296.00,6070.00,2671.00,3399.00,8671.00,2717.00,5531.00,0.00,674.00,0.00,0.00
"Manufacture of perishable prepared foods of fruit and vegetables, such as: salad, peeled or cut vegetables, tofu (bean curd)",1516,2016,B,15,152,128,126503.00,119933.00,8430.00,111503.00,126374.00,94871.00,21016.00,0.00,908.00,0.00,0.00
Manufacture of weighing machines except scientific weighing apparatus used for laboratories,15322,2016,B,17,202,181,436224.00,531145.00,34245.00,496901.00,371476.00,411564.00,-52705.00,140.00,-106372.00,0.00,0.00
Manufacture of fertilizers and nitrogen compounds,15166,2016,A,7,726,705,18951194.00,17666981.00,600916.00,17066065.00,18657759.00,14169442.00,2561175.00,258431.00,-645543.00,0.00,850907.00
Manufacture of imitation of jewelry and related articles,15377,2016,A,11,510,496,189478.00,191939.00,55725.00,136214.00,184609.00,113162.00,62567.00,0.00,-3.00,0.00,0.00
Manufacture of packing and wrapping machinery,15325,2016,A,4,227,227,369705.00,314684.00,53682.00,261001.00,350219.00,204963.00,115652.00,4286.00,12379.00,0.00,0.00
Retreading and rebuilding of tires,15191,2016,A,5,243,240,197701.00,164042.00,34423.00,129618.00,173174.00,99110.00,79079.00,7178.00,6266.00,0.00,0.00
Canning/packing of fish and other marine products,153,2016,B,12,108,108,465971.00,458159.00,15970.00,442189.00,463207.00,339830.00,46406.00,0.00,-99540.00,0.00,0.00
"Manufacture of prosthetic appliances, artificial teeth made to order",15390,2016,A,4,475,466,379584.00,308530.00,128690.00,179840.00,385320.00,132893.00,223936.00,1356.00,-8665.00,0.00,0.00
Manufacture of printing ink,15174,2016,B,6,39,39,48650.00,47068.00,5864.00,41204.00,47759.00,37878.00,8187.00,29650.00,-5103.00,0.00,0.00
Manufacture of abrasive products,15223,2016,A,3,544,544,1516258.00,1477687.00,130410.00,1347277.00,1508266.00,1282967.00,192860.00,6263.00,-6630.00,0.00,0.00
Manufacture of cigarette lighters,15404,2016,B,23,263,258,48849.00,36881.00,16271.00,20610.00,48147.00,11994.00,31508.00,110.00,-4141.00,0.00,0.00
Manufacture of rubber shoes,15113,2016,B,4,56,56,11872.00,11318.00,6527.00,4792.00,12950.00,4349.00,7276.00,700.00,-451.00,0.00,0.00
Manufacture of cigarette lighters,15404,2016,A,7,576,576,2146104.00,1626005.00,204168.00,1421837.00,2090111.00,982090.00,875413.00,51302.00,-17495.00,0.00,0.00
"Manufacture of ice cream and sherbet, ice drop, ice candy and other flavored ices",1529,2016,B,53,358,358,191524.00,165277.00,21308.00,143969.00,191506.00,132970.00,53070.00,0.00,6199.00,0.00,0.00
"Processing, preserving and canning of fish, crustacean and mollusks, n.e.c. manufacture of fishball, etc.",1510,2016,A,35,2868,2835,4608691.00,4451538.00,340056.00,4111482.00,4637519.00,3752068.00,588463.00,78160.00,24976.00,0.00,0.00
"Manufacture of other architectural and related metal work (e.g., doors, windows, shutters, gates, etc.)",15243,2016,A,60,3079,3074,3838126.00,3578729.00,494268.00,3084461.00,3830640.00,2735401.00,896797.00,37228.00,83877.00,0.00,0.00
Manufacture of textile machinery,15342,2016,B,5,44,44,25620.00,20452.00,5612.00,14840.00,25874.00,12927.00,11721.00,1570.00,233.00,0.00,0.00
Manufacture of electrical transformers,15283,2016,A,22,3897,3888,5611394.00,5366475.00,847092.00,4519383.00,5183783.00,3191771.00,1704618.00,86535.00,701217.00,0.00,0.00
Custom dressmaking,15105,2016,A,9,292,292,115248.00,98451.00,33222.00,65229.00,116328.00,59266.00,51674.00,600.00,4180.00,0.00,0.00
Production of fishmeal/prawn feeds,158,2016,A,7,809,801,5264574.00,4944411.00,199914.00,4744497.00,5214793.00,4325137.00,651672.00,25598.00,-51285.00,0.00,0.00
Manufacture of cement,15215,2016,A,14,3623,3619,112272419.00,88599847.00,2939343.00,85660504.00,108012559.00,56894269.00,36359097.00,4536851.00,2185153.00,0.00,0.00
"Manufacture of sugar, n.e.c.",1547,2016,B,13,148,148,138780.00,123932.00,26423.00,97509.00,139371.00,78416.00,47163.00,0.00,2118.00,0.00,0.00
Manufacture of wooden containers,15129,2016,A,7,268,264,244463.00,220138.00,24384.00,195754.00,245298.00,175450.00,59934.00,60.00,-6220.00,50.00,0.00
"Electrotyping, stereotyping and photoengraving",15150,2016,B,7,73,70,29240.00,27039.00,9075.00,17964.00,29478.00,12537.00,15121.00,432.00,-600.00,0.00,0.00
Manufacture of chocolate and cocoa products including chocolate candies,1548,2016,A,7,825,825,2597114.00,2420008.00,328934.00,2091074.00,2599627.00,1637468.00,683855.00,60823.00,-52253.00,0.00,0.00
Manufacture of desiccated coconut,1519,2016,B,8,41,40,41869.00,35645.00,5795.00,29850.00,41828.00,28565.00,12393.00,0.00,0.00,0.00,0.00
Manufacture of worked lumber,15122,2016,A,5,431,431,777118.00,770358.00,81508.00,688850.00,808790.00,603538.00,136332.00,13734.00,18064.00,0.00,0.00
"Manufacture of derricks, lifting and handling equipment for construction and mining",15315,2016,A,5,336,336,418300.00,297119.00,121424.00,175696.00,383529.00,82027.00,237972.00,7655.00,-13665.00,0.00,0.00
"Manufacture of appliance cords, extension cords, and other electrical cord",15304,2016,A,14,3712,3712,8046086.00,7438567.00,1088915.00,6349652.00,7975416.00,4708333.00,2394299.00,177829.00,87937.00,24629.00,0.00
"Manufacture of partitions, shelves, lockers and office and store fixtures",15370,2016,A,15,875,875,813097.00,764980.00,174629.00,590351.00,802065.00,522966.00,247647.00,1048.00,-1668.00,0.00,0.00
Manufacture of candles,15396,2016,B,20,214,165,127048.00,106068.00,3022.00,103046.00,128018.00,102910.00,24779.00,0.00,1238.00,0.00,0.00
"Production of crude vegetable oil, cake and meals, other than virgin coconut oil (see class 1041)",1521,2016,B,3,29,29,29958.00,28062.00,4219.00,23843.00,29601.00,10482.00,11598.00,0.00,-226.00,0.00,0.00
"Manufacture of other products of wood; manufacture of articles of cork and plaiting materials, except furniture, n.e.c.",16136,2016,B,29,214,166,12351.00,11151.00,4814.00,6337.00,11985.00,2966.00,6549.00,4400.00,220.00,0.00,0.00
"Manufacture of explosives, fireworks and firecrackers",15180,2016,A,3,933,932,3214178.00,2762204.00,304483.00,2457720.00,3207685.00,1827986.00,821361.00,526.00,38868.00,0.00,0.00
"Operation of steel works and rolling mills, n.e.c.",15230,2016,A,3,399,399,2163121.00,1993702.00,84071.00,1909632.00,2132402.00,1700456.00,317695.00,2256.00,-62397.00,0.00,0.00
Repair of electronic and optical equipment,15408,2016,B,4,20,20,1600.00,15575.00,7025.00,8550.00,1600.00,1529.00,-5906.00,0.00,0.00,0.00,0.00
Spinning,1578,2016,B,14,156,156,76424.00,74486.00,6345.00,68141.00,70426.00,54292.00,11262.00,458.00,-6260.00,0.00,0.00
Finishing of textiles,1581,2016,B,43,445,411,161449.00,150429.00,31564.00,118865.00,163921.00,85798.00,45393.00,0.00,4490.00,0.00,0.00
Manufacture of pens and pencils of all kinds,15393,2016,A,5,273,273,926603.00,772071.00,85285.00,686787.00,894008.00,605420.00,225376.00,1771.00,44030.00,0.00,0.00
Manufacture of electric lamps fluorescent and fixtures,15292,2016,B,6,63,63,12838.00,12156.00,7204.00,4952.00,12950.00,3426.00,8802.00,0.00,668.00,0.00,0.00
Manufacture of fabricated wire products,16254,2016,B,16,172,172,669336.00,647445.00,33817.00,613628.00,669666.00,582993.00,62927.00,5443.00,-24331.00,0.00,0.00
Manufacture of waxes and polishing preparations,15178,2016,B,3,22,22,10560.00,9997.00,3324.00,6673.00,9585.00,3533.00,5007.00,0.00,-1427.00,0.00,0.00
Manufacture of machinery for food processing,15340,2016,B,5,39,39,18837.00,17933.00,2576.00,15357.00,20077.00,11500.00,6121.00,0.00,4271.00,0.00,0.00
"Manufacture of basic precious and other non-ferrous metals, n.e.c.",15235,2016,A,3,252,252,1386952.00,1043667.00,123643.00,920024.00,1406940.00,892784.00,475375.00,0.00,100567.00,0.00,0.00
Manufacture of household and personal hygiene paper and cellulose wadding products,15145,2016,B,8,132,132,28652.00,24653.00,10453.00,14200.00,41052.00,22370.00,15731.00,0.00,10581.00,0.00,0.00
Drying of fish and other marine products,154,2016,A,3,158,157,719029.00,698158.00,48264.00,649894.00,741755.00,549276.00,85101.00,141970.00,75259.00,0.00,0.00
Manufacture of malt liquors and malt,1568,2016,A,9,3831,3831,88809637.00,76795002.00,3511020.00,73283981.00,87923421.00,18338504.00,63091485.00,1738977.00,926959.00,0.00,0.00
Manufacture of virgin coconut oil,1518,2016,A,21,1490,1482,37849966.00,33917477.00,290200.00,33627277.00,38895288.00,34100792.00,4494371.00,70550.00,1889332.00,0.00,0.00
"Baking of biscuits cookies, crackers, pretzels and similar dry bakery products",1541,2016,A,36,17598,17592,57051121.00,44381037.00,3541327.00,40839710.00,56386333.00,34331080.00,18252733.00,1737678.00,847148.00,0.00,0.00
